arm,condition,metric,mean,std,min,max,n
fedavg_control,clean,test_accuracy,0.7056151852089895,0.0026704266123233076,0.7028729352786168,0.7082074683462948,3
fedavg_control,clean,test_macro_f1,0.09463577596961464,0.008596453392364627,0.08941629029820429,0.10455761412209147,3
fedavg_control,clean,test_weighted_f1,0.606775330692065,0.013553449410419171,0.5931227956515012,0.6202274722034083,3
fedavg_control,clean,test_macro_recall,0.11210021602492622,0.004301973738398223,0.10748003720642732,0.11599063413722721,3
fedavg_control,clean,test_macro_auroc,0.643149308040586,0.039888341336001554,0.6056913004667644,0.6850893657886381,3
fedavg_control,clean,selected_round,7.666666666666667,8.962886439832502,2.0,18.0,3
fedavg_control,clean,final_round_validation_macro_f1,0.08454240933566513,0.005041079354056008,0.0787454235830927,0.0878977371846098,3
fedavg_control,clean,nan_validation_rounds,0.0,0.0,0.0,0.0,3
fedavg_control,clean,rounds_with_negative_bn_running_var,0.0,0.0,0.0,0.0,3
fedavg_control,clean,attack_detection_rate,,,,,0
fedavg_control,clean,honest_false_positive_rate,0.0,0.0,0.0,0.0,3
fedavg_control,clean,relative_deviation_from_clean_fedavg_final,0.0,0.0,0.0,0.0,3
fedavg_control,clean,defense_ms_per_round,4.528073333252247,0.5778005101785549,4.016925000178119,5.154994999793355,3
fedavg_control,clean,training_seconds,123.16092456666593,8.856882243560804,114.46232559999771,132.16802879999886,3
fedavg_control,clean,n_predicted_classes,3.3333333333333335,1.5275252316519465,2.0,5.0,3
fedavg_control,sign_flip,test_accuracy,0.6501917432568503,0.07393445464229825,0.5648820618291664,0.695674529211389,3
fedavg_control,sign_flip,test_macro_f1,0.08543527507045941,0.020625255041477174,0.06176424249407133,0.09954297271181618,3
fedavg_control,sign_flip,test_weighted_f1,0.5598582013434181,0.03765519584500907,0.5165673056347783,0.5850161320352384,3
fedavg_control,sign_flip,test_macro_recall,0.08811244312192477,0.01903981775058614,0.06632454485696154,0.10155203104894192,3
fedavg_control,sign_flip,test_macro_auroc,0.5883297453533632,0.06093150013887139,0.542686929775207,0.6575213779504698,3
fedavg_control,sign_flip,selected_round,3.6666666666666665,0.5773502691896258,3.0,4.0,3
fedavg_control,sign_flip,final_round_validation_macro_f1,0.0114905270217403,0.0,0.0114905270217403,0.0114905270217403,3
fedavg_control,sign_flip,nan_validation_rounds,16.0,0.0,16.0,16.0,3
fedavg_control,sign_flip,rounds_with_negative_bn_running_var,16.0,0.0,16.0,16.0,3
fedavg_control,sign_flip,attack_detection_rate,1.0,0.0,1.0,1.0,3
fedavg_control,sign_flip,honest_false_positive_rate,0.0,0.0,0.0,0.0,3
fedavg_control,sign_flip,relative_deviation_from_clean_fedavg_final,0.48543562735631335,0.10285966090286394,0.37233525229976955,0.5733918447610915,3
fedavg_control,sign_flip,defense_ms_per_round,4.112391666482486,0.2085258061358258,3.9118299995606804,4.328059999897916,3
fedavg_control,sign_flip,training_seconds,125.97445786666746,3.5446539279165776,122.06306889999905,128.9743500000004,3
fedavg_control,sign_flip,n_predicted_classes,2.6666666666666665,1.1547005383792515,2.0,4.0,3
fedavg_control,scaled,test_accuracy,0.4369175396876406,0.3783816887284924,0.0,0.6553763095314609,3
fedavg_control,scaled,test_macro_f1,0.03519179996893928,0.030476992778001834,0.0,0.052787699953408915,3
fedavg_control,scaled,test_weighted_f1,0.34595807984119203,0.29960848578695737,0.0,0.518937119761788,3
fedavg_control,scaled,test_macro_recall,0.044444444444444446,0.03849001794597505,0.0,0.06666666666666667,3
fedavg_control,scaled,test_macro_auroc,0.6075490404542448,0.04354412480403471,0.5745948357116009,0.6569139231897732,3
fedavg_control,scaled,selected_round,2.0,2.0,0.0,4.0,3
fedavg_control,scaled,final_round_validation_macro_f1,0.022243939469757733,0.028549228958649392,0.0006330269645139,0.054608264423019,3
fedavg_control,scaled,nan_validation_rounds,13.333333333333334,5.773502691896257,10.0,20.0,3
fedavg_control,scaled,rounds_with_negative_bn_running_var,13.333333333333334,5.773502691896257,10.0,20.0,3
fedavg_control,scaled,attack_detection_rate,1.0,0.0,1.0,1.0,3
fedavg_control,scaled,honest_false_positive_rate,0.0,0.0,0.0,0.0,3
fedavg_control,scaled,relative_deviation_from_clean_fedavg_final,303519.6629392375,405364.14691873634,164.00755886142437,763907.0650982322,3
fedavg_control,scaled,defense_ms_per_round,3.6670016665690284,0.09701164654862961,3.558009999869645,3.7438999999721547,3
fedavg_control,scaled,training_seconds,109.90061313333354,1.6625535358846095,108.58881800000017,111.7703803000004,3
fedavg_control,scaled,n_predicted_classes,1.3333333333333333,0.5773502691896257,1.0,2.0,3
fedavg_control,random_noise,test_accuracy,0.7073076675878912,0.0010619391761590182,0.7060865094157722,0.7080146538980654,3
fedavg_control,random_noise,test_macro_f1,0.08905287978965777,0.0027438037403372433,0.0863829737430655,0.09186504648817702,3
fedavg_control,random_noise,test_weighted_f1,0.6067644320715652,0.007956508804021342,0.601444835350794,0.6159113291975578,3
fedavg_control,random_noise,test_macro_recall,0.11154066902228126,0.0010713709173640856,0.11033197523930091,0.11237333618622233,3
fedavg_control,random_noise,test_macro_auroc,0.6377326036363737,0.037080012416153614,0.6041799204243705,0.6775434933763919,3
fedavg_control,random_noise,selected_round,4.0,1.0,3.0,5.0,3
fedavg_control,random_noise,final_round_validation_macro_f1,0.07691086994689204,0.012017461620243418,0.063474313162866,0.0866314125072048,3
fedavg_control,random_noise,nan_validation_rounds,0.0,0.0,0.0,0.0,3
fedavg_control,random_noise,rounds_with_negative_bn_running_var,0.0,0.0,0.0,0.0,3
fedavg_control,random_noise,attack_detection_rate,0.3666666666666667,0.23629078131263045,0.1,0.55,3
fedavg_control,random_noise,honest_false_positive_rate,0.0,0.0,0.0,0.0,3
fedavg_control,random_noise,relative_deviation_from_clean_fedavg_final,0.29412350245186686,0.07873177300088965,0.20864960367118296,0.3636811817033753,3
fedavg_control,random_noise,defense_ms_per_round,3.5853783335065734,0.17785026893791087,3.3851950003735998,3.7251649999233805,3
fedavg_control,random_noise,training_seconds,109.76700226666678,0.5260470326304151,109.17079709999962,110.16575290000037,3
fedavg_control,random_noise,n_predicted_classes,2.3333333333333335,0.5773502691896258,2.0,3.0,3
variant5,clean,test_accuracy,0.7093215073805087,0.0024828543240007195,0.7067292242432033,0.7116781284144226,3
variant5,clean,test_macro_f1,0.09047844634191926,0.0031044321620518687,0.08696773831000879,0.09286125225626315,3
variant5,clean,test_weighted_f1,0.6124993125704573,0.016141173539852633,0.6002457515417864,0.6307885420499937,3
variant5,clean,test_macro_recall,0.11490182792918892,0.003768887204990237,0.11088293942662876,0.11835727085506433,3
variant5,clean,test_macro_auroc,0.638192621077461,0.026538651775948906,0.6093567544044309,0.6615921819389017,3
variant5,clean,selected_round,8.0,8.660254037844387,3.0,18.0,3
variant5,clean,final_round_validation_macro_f1,0.08652122540924863,0.005993601302978396,0.0796828027019118,0.0908625201300262,3
variant5,clean,nan_validation_rounds,0.0,0.0,0.0,0.0,3
variant5,clean,rounds_with_negative_bn_running_var,0.0,0.0,0.0,0.0,3
variant5,clean,attack_detection_rate,,,,,0
variant5,clean,honest_false_positive_rate,0.0,0.0,0.0,0.0,3
variant5,clean,relative_deviation_from_clean_fedavg_final,0.06338606998136335,0.01779191701997675,0.04287871583889177,0.07470681349953617,3
variant5,clean,defense_ms_per_round,3.5603833333879717,0.14652949518872305,3.391484999883635,3.6535450006339953,3
variant5,clean,training_seconds,111.15994446666689,0.8518098507220825,110.21947720000026,111.87961949999954,3
variant5,clean,n_predicted_classes,3.3333333333333335,1.5275252316519465,2.0,5.0,3
variant5,sign_flip,test_accuracy,0.7041369411058981,0.011175909632136103,0.6912397969021146,0.7109711421042484,3
variant5,sign_flip,test_macro_f1,0.08544345915751671,0.0017246816993254878,0.08373971386045723,0.08718834128866633,3
variant5,sign_flip,test_weighted_f1,0.6222268593227178,0.012241018958682666,0.6123765222161291,0.6359310192367409,3
variant5,sign_flip,test_macro_recall,0.11264251815002035,0.0033994499836171458,0.10872461003087658,0.11481065435169584,3
variant5,sign_flip,test_macro_auroc,0.6256040882908511,0.051680373671092836,0.5796339598313569,0.6815424754159753,3
variant5,sign_flip,selected_round,6.666666666666667,6.350852961085883,3.0,14.0,3
variant5,sign_flip,final_round_validation_macro_f1,0.0844226808077767,0.005540230761542561,0.0780469025892221,0.0880647130354606,3
variant5,sign_flip,nan_validation_rounds,0.0,0.0,0.0,0.0,3
variant5,sign_flip,rounds_with_negative_bn_running_var,0.0,0.0,0.0,0.0,3
variant5,sign_flip,attack_detection_rate,1.0,0.0,1.0,1.0,3
variant5,sign_flip,honest_false_positive_rate,0.0,0.0,0.0,0.0,3
variant5,sign_flip,relative_deviation_from_clean_fedavg_final,0.2172681705322671,0.0634092154719098,0.15904485329580537,0.28482800991695084,3
variant5,sign_flip,defense_ms_per_round,3.4321166668329277,0.11163509521858227,3.3156999999845946,3.5382600004595046,3
variant5,sign_flip,training_seconds,109.67217849999845,0.5465338931523438,109.07741979999992,110.15230319999682,3
variant5,sign_flip,n_predicted_classes,2.6666666666666665,0.5773502691896258,2.0,3.0,3
variant5,scaled,test_accuracy,0.7041369411058981,0.011175909632136103,0.6912397969021146,0.7109711421042484,3
variant5,scaled,test_macro_f1,0.08544345915751671,0.0017246816993254878,0.08373971386045723,0.08718834128866633,3
variant5,scaled,test_weighted_f1,0.6222268593227178,0.012241018958682666,0.6123765222161291,0.6359310192367409,3
variant5,scaled,test_macro_recall,0.11264251815002035,0.0033994499836171458,0.10872461003087658,0.11481065435169584,3
variant5,scaled,test_macro_auroc,0.6256040882908511,0.051680373671092836,0.5796339598313569,0.6815424754159753,3
variant5,scaled,selected_round,6.666666666666667,6.350852961085883,3.0,14.0,3
variant5,scaled,final_round_validation_macro_f1,0.0844226808077767,0.005540230761542561,0.0780469025892221,0.0880647130354606,3
variant5,scaled,nan_validation_rounds,0.0,0.0,0.0,0.0,3
variant5,scaled,rounds_with_negative_bn_running_var,0.0,0.0,0.0,0.0,3
variant5,scaled,attack_detection_rate,1.0,0.0,1.0,1.0,3
variant5,scaled,honest_false_positive_rate,0.0,0.0,0.0,0.0,3
variant5,scaled,relative_deviation_from_clean_fedavg_final,0.2172681705322671,0.0634092154719098,0.15904485329580537,0.28482800991695084,3
variant5,scaled,defense_ms_per_round,3.4398199997667245,0.07081247618729856,3.3624899995629196,3.501494999545645,3
variant5,scaled,training_seconds,112.08933586666778,2.677038000489587,109.11909630000082,114.31593400000202,3
variant5,scaled,n_predicted_classes,2.6666666666666665,0.5773502691896258,2.0,3.0,3
variant5,random_noise,test_accuracy,0.7021659489684428,0.004278279899901661,0.6974098592454528,0.7057008805193136,3
variant5,random_noise,test_macro_f1,0.09821148312062021,0.011845654893217985,0.08453420559795463,0.10518650195824544,3
variant5,random_noise,test_weighted_f1,0.6009024413242855,0.009994033042080559,0.5946115549559576,0.6124263842531404,3
variant5,random_noise,test_macro_recall,0.10901055271752536,0.001024008861204481,0.10792080855628958,0.109952838178787,3
variant5,random_noise,test_macro_auroc,0.6315061245548611,0.06469742901495741,0.5729130559566111,0.7009386346777534,3
variant5,random_noise,selected_round,8.333333333333334,9.237604307034013,3.0,19.0,3
variant5,random_noise,final_round_validation_macro_f1,0.08076698260920373,0.011983142085879127,0.06693945050688,0.0881225757982514,3
variant5,random_noise,nan_validation_rounds,0.0,0.0,0.0,0.0,3
variant5,random_noise,rounds_with_negative_bn_running_var,0.0,0.0,0.0,0.0,3
variant5,random_noise,attack_detection_rate,0.08333333333333333,0.02886751345948129,0.05,0.1,3
variant5,random_noise,honest_false_positive_rate,0.0,0.0,0.0,0.0,3
variant5,random_noise,relative_deviation_from_clean_fedavg_final,0.25451931703471764,0.06309446716251776,0.18589777163733032,0.31002500461830207,3
variant5,random_noise,defense_ms_per_round,3.489823333135623,0.05699746106110898,3.42456499965916,3.5298499995405446,3
variant5,random_noise,training_seconds,110.32258176666558,1.546667862536499,109.3737629999996,112.10733029999756,3
variant5,random_noise,n_predicted_classes,2.6666666666666665,0.5773502691896258,2.0,3.0,3
