day,experiment,arm,n_runs,seeds,source,note,accuracy_mean,macro_f1_mean,weighted_f1_mean,macro_recall_mean,macro_auroc_mean,accuracy_std,accuracy_min,accuracy_max,macro_f1_std,macro_f1_min,macro_f1_max,weighted_f1_std,weighted_f1_min,weighted_f1_max,macro_recall_std,macro_recall_min,macro_recall_max,macro_auroc_std,macro_auroc_min,macro_auroc_max
6,centralized_cnn_v1,centralized,1,42,results/metrics/baseline_metrics.json,frozen centralized baseline,0.7688154765730445,0.13985305799635317,0.7208006330151878,0.14306930841602053,0.6237736896009698,,,,,,,,,,,,,,,
10,fedavg_v1 (official),FedAvg,1,42,results/metrics/federated/fedavg_v1_test_metrics.json,official FedAvg run,0.7068577672086895,0.08484631428878235,0.6574491880213196,0.11769421190427369,0.6733189320535224,,,,,,,,,,,,,,,
11,FedAvg robustness,natural partition,3,"42,123,2024",results/robustness/tables/robustness_runs.csv,,0.6567260106690661,0.08506827146031974,0.6021079801642847,0.10769877421752323,0.6473892504508035,0.0762348925643135,0.5689954367247252,0.7068577672086895,0.013432556903681876,0.0717480685555734,0.0986104315366035,0.04889539455135091,0.5647537486600275,0.6574491880213196,0.009023756187718867,0.1001522135149672,0.1176942119042736,0.025385002467296965,0.6225864596896373,0.6733189320535224
11,FedAvg robustness,controlled partition,3,"42,123,2024",results/robustness/tables/robustness_runs.csv,,0.6600467039441267,0.08162600020537114,0.6059865849050194,0.11299720753677796,0.6438564059362518,0.03581930710812678,0.6364804936049875,0.7012661482100392,0.003104567663884022,0.0794075338270057,0.0851739104079529,0.015466586100873076,0.5924497238056416,0.6228436392110903,0.0059709006824688465,0.1061026267381077,0.1164593864505603,0.04926556857782945,0.599879988013807,0.697096050821759
12,FedBN-style diagnostic,local BatchNorm,3,"42,123,2024",results/diagnostics/fedbn/tables/robustness_runs.csv,,0.6512629346359021,0.08414319843628741,0.5960932349579503,0.10697267863493216,0.6580547503109552,0.08104037618620229,0.5578764702101677,0.7031300212095893,0.013377285497310258,0.0706193176487149,0.0973689034923423,0.052565763753748884,0.5518784440717486,0.6542138046457915,0.009372556613097903,0.0988298994653804,0.1172178983123378,0.012208939357199956,0.6451364694552679,0.6694023173801604
13,DP-FedAvg (client-level),epsilon=7.98,3,"42,123,2024",results/privacy/tables/dp_per_seed_privacy_utility.csv,round 0 (untrained model) selected in all seeds,0.2467596460783683,0.0234983263078148,0.1798419661147432,0.06863177226813583,0.5462240405385071,0.35563040705959303,0.0071341345844848,0.6553763095314609,0.025376944010640973,0.008086351464917,0.0527876999534089,0.29366648579393445,0.0093657029209016,0.518937119761788,0.0034036627439829126,0.0666666666666666,0.0725619834710743,0.10836129843218749,0.4244313905982116,0.6319615372463179
14,HE-FedAvg (CKKS),encrypted aggregation,3,"42,123,2024",results/he/tables/he_per_seed_utility_overhead.csv,,0.6649313366326028,0.0858363485963396,0.6077924836833782,0.10850874143018886,0.6515120349933442,0.06214056436878881,0.593547143132592,0.7069220386914327,0.012311685272534133,0.074046095301156,0.0986104315366035,0.04309834969812848,0.5817176244785868,0.6575388227600405,0.008804050310935344,0.1001522135149672,0.1177007497748892,0.01982895664625474,0.6348034033365726,0.6734237747214905
16,FedAvg + blockchain recording,recorded,3,"42,123,2024",results/blockchain_integration/tables/blockchain_integration_per_seed.csv,bit-identical to FedAvg without recording,0.6567260106690661,0.08506827146031974,0.6021079801642847,,,0.0762348925643135,0.5689954367247252,0.7068577672086895,0.013432556903681876,0.0717480685555734,0.0986104315366035,0.04889539455135091,0.5647537486600275,0.6574491880213196,,,,,,
17,FedAvg under attack (no defense),sign_flip,3,"42,123,2024",results/security/tables/attack_runs.csv,,0.6802279495254622,0.08225769282971845,0.597274103358,0.10430247359344143,0.5857332620220363,0.02367113852270229,0.6550549521177453,0.7020374060029565,0.00012266137562166957,0.0821161570206156,0.0823331001443185,0.02055961704860294,0.5805270039775047,0.6202198474588388,0.002852102503798403,0.1012562221211823,0.1069094594072528,0.06638956540038524,0.5092004731232569,0.6278237330374975
17,FedAvg under attack (no defense),scaled,3,"42,123,2024",results/security/tables/attack_runs.csv,,0.46284037106069364,0.03839877580397877,0.3496991050617053,0.0666666666666666,0.583075624040481,0.33348202771432395,0.0777684941191593,0.6553763095314609,0.02492234769306778,0.0096209275051185,0.0527876999534089,0.29312884003263173,0.01122307566154,0.518937119761788,0.0,0.0666666666666666,0.0666666666666666,0.13754899883092309,0.4244313905982116,0.6690107942186313
17,FedAvg under attack (no defense),random_noise,3,"42,123,2024",results/security/tables/attack_runs.csv,,0.6904685391091973,0.0880319518320261,0.6083329060583496,0.10712465440914982,0.6336649904268185,0.024959936035459256,0.6616749148402854,0.705957966450286,0.005353696058324099,0.0837106773150538,0.0940210354329127,0.038681715992690734,0.5718026941796286,0.6488563333003375,0.007692402676349782,0.0988218757150796,0.1140093491549802,0.03318580460803751,0.5953801665176566,0.6542222596767446
18,Proposed defense v1 (full),clean,3,"42,123,2024",results/proposed/tables/proposed_runs.csv,,0.6252972556076869,0.06976452736552796,0.5690785145749095,0.09465204164821693,0.6537722677874823,0.09716045701589966,0.5157786490134327,0.701137605244553,0.01213241048113526,0.0590777712725153,0.0829526690948423,0.06632694362580165,0.5279314821553506,0.6455935604655808,0.022183560668283343,0.0698491832119369,0.112596396444587,0.02314435489230441,0.6319939072156429,0.6780755608462673
18,Proposed defense v1 (full),sign_flip,3,"42,123,2024",results/proposed/tables/proposed_runs.csv,,0.6727081860445187,0.06875597040642677,0.5570196830587001,0.08167000989595867,0.6230868970461333,0.024714899291693924,0.6553763095314609,0.7010090622790668,0.01971302959048738,0.0527876999534089,0.090788745769614,0.036628116114535036,0.518937119761788,0.5919954452337493,0.02116761752304709,0.0666666666666666,0.1058822410631766,0.04536318731843179,0.570774230996521,0.6515578556936771
18,Proposed defense v1 (full),scaled,3,"42,123,2024",results/proposed/tables/proposed_runs.csv,,0.6727081860445187,0.06875597040642677,0.5570196830587001,0.08167000989595867,0.6230868970461333,0.024714899291693924,0.6553763095314609,0.7010090622790668,0.01971302959048738,0.0527876999534089,0.090788745769614,0.036628116114535036,0.518937119761788,0.5919954452337493,0.02116761752304709,0.0666666666666666,0.1058822410631766,0.04536318731843179,0.570774230996521,0.6515578556936771
18,Proposed defense v1 (full),random_noise,3,"42,123,2024",results/proposed/tables/proposed_runs.csv,,0.686140925937828,0.07500335772268536,0.5765598925008765,0.09320134759381589,0.6283471721448722,0.026665333768077098,0.6553763095314609,0.7026158493476444,0.019559506807867878,0.0527876999534089,0.0896357743812086,0.05159355915515161,0.518937119761788,0.6184711793544188,0.022996861873495505,0.0666666666666666,0.1073567686277306,0.03129573583827268,0.5922148677051323,0.646928604448202
19,Ablation: plain_fedavg,clean,3,"42,123,2024",results/ablation/tables/ablation_runs.csv,,0.6567260106690661,0.08506827146031974,0.6021079801642847,0.10769877421752323,0.6473892504508035,0.0762348925643135,0.5689954367247252,0.7068577672086895,0.013432556903681876,0.0717480685555734,0.0986104315366035,0.04889539455135091,0.5647537486600275,0.6574491880213196,0.009023756187718867,0.1001522135149672,0.1176942119042736,0.025385002467296965,0.6225864596896373,0.6733189320535224
19,Ablation: plain_fedavg,sign_flip,3,"42,123,2024",results/ablation/tables/ablation_runs.csv,,0.6802279495254622,0.08225769282971845,0.597274103358,0.10430247359344143,0.5857332620220363,0.02367113852270229,0.6550549521177453,0.7020374060029565,0.00012266137562166957,0.0821161570206156,0.0823331001443185,0.02055961704860294,0.5805270039775047,0.6202198474588388,0.002852102503798403,0.1012562221211823,0.1069094594072528,0.06638956540038524,0.5092004731232569,0.6278237330374975
19,Ablation: plain_fedavg,scaled,3,"42,123,2024",results/ablation/tables/ablation_runs.csv,,0.46284037106069364,0.03839877580397877,0.3496991050617053,0.0666666666666666,0.583075624040481,0.33348202771432395,0.0777684941191593,0.6553763095314609,0.02492234769306778,0.0096209275051185,0.0527876999534089,0.29312884003263173,0.01122307566154,0.518937119761788,0.0,0.0666666666666666,0.0666666666666666,0.13754899883092309,0.4244313905982116,0.6690107942186313
19,Ablation: plain_fedavg,random_noise,3,"42,123,2024",results/ablation/tables/ablation_runs.csv,,0.6904685391091973,0.0880319518320261,0.6083329060583496,0.10712465440914982,0.6336649904268185,0.024959936035459256,0.6616749148402854,0.705957966450286,0.005353696058324099,0.0837106773150538,0.0940210354329127,0.038681715992690734,0.5718026941796286,0.6488563333003375,0.007692402676349782,0.0988218757150796,0.1140093491549802,0.03318580460803751,0.5953801665176566,0.6542222596767446
19,Ablation: clip_only,clean,3,"42,123,2024",results/ablation/tables/ablation_runs.csv,,0.6346594682605994,0.08016129824629,0.5865260843152105,0.10288817368546697,0.6558777071702474,0.09949228296568938,0.5202133813227071,0.700559161899865,0.011396904239945714,0.0672760216114175,0.0889205420084663,0.0628311658192301,0.5340302460037077,0.6561432969651267,0.013495970433502955,0.0906205330741959,0.1173448518726541,0.037229000205980176,0.6141641336580799,0.6857334824789751
19,Ablation: clip_only,sign_flip,3,"42,123,2024",results/ablation/tables/ablation_runs.csv,,0.6864837071791247,0.08321341115602031,0.6052122769998665,0.10479315068900236,0.5962825761287879,0.027262929646719107,0.6558904813934058,0.7082074683462948,0.0006636742028252582,0.0824697778387382,0.0837456041363761,0.0335818876310632,0.5807275176747821,0.6434953094472349,0.006413412403611688,0.101082314762809,0.1121987156055999,0.07375833303589317,0.5128787066318073,0.652922302110647
19,Ablation: clip_only,scaled,3,"42,123,2024",results/ablation/tables/ablation_runs.csv,,0.6553763095314609,0.0527876999534089,0.518937119761788,0.0666666666666666,0.5990716820859647,0.0,0.6553763095314609,0.6553763095314609,0.0,0.0527876999534089,0.0527876999534089,0.0,0.518937119761788,0.518937119761788,0.0,0.0666666666666666,0.0666666666666666,0.03758075887445638,0.5558000507085792,0.6235337808522665
19,Ablation: clip_only,random_noise,3,"42,123,2024",results/ablation/tables/ablation_runs.csv,,0.7009447907963237,0.0856248427118852,0.6136798643291117,0.10895107790665308,0.642761513610079,0.005766194438551834,0.6947104569702423,0.7060865094157722,0.0019009770894316293,0.0837271387836493,0.0875290761417604,0.025833251605636584,0.5949214817943879,0.6431451005538775,0.004084973208598488,0.1058727908683778,0.1135853979631561,0.036983064504598234,0.605402929445193,0.6793572562909977
19,Ablation: clip_cos,clean,3,"42,123,2024",results/ablation/tables/ablation_runs.csv,,0.6346594682605994,0.08016129824629,0.5865260843152105,0.10288817368546697,0.6558777071702474,0.09949228296568938,0.5202133813227071,0.700559161899865,0.011396904239945714,0.0672760216114175,0.0889205420084663,0.0628311658192301,0.5340302460037077,0.6561432969651267,0.013495970433502955,0.0906205330741959,0.1173448518726541,0.037229000205980176,0.6141641336580799,0.6857334824789751
19,Ablation: clip_cos,sign_flip,3,"42,123,2024",results/ablation/tables/ablation_runs.csv,,0.6731152387685584,0.08541831100354447,0.5966571990714674,0.10529468461213087,0.6272919085676388,0.046269084619523795,0.6201555369882383,0.7057008805193136,0.011522672659162717,0.0754730446553411,0.0980454032152063,0.0339321525868107,0.5714788035169046,0.6352449982947513,0.005361130109183095,0.0994845186195583,0.1100499552750214,0.03458730776269867,0.5881192347252385,0.6536167969874425
19,Ablation: clip_cos,scaled,3,"42,123,2024",results/ablation/tables/ablation_runs.csv,,0.6553763095314609,0.0527876999534089,0.518937119761788,0.0666666666666666,0.5990716820859647,0.0,0.6553763095314609,0.6553763095314609,0.0,0.0527876999534089,0.0527876999534089,0.0,0.518937119761788,0.518937119761788,0.0,0.0666666666666666,0.0666666666666666,0.03758075887445638,0.5558000507085792,0.6235337808522665
19,Ablation: clip_cos,random_noise,3,"42,123,2024",results/ablation/tables/ablation_runs.csv,,0.6995522420035564,0.08546446878322907,0.6144283950297905,0.10982915355377842,0.64056968339534,0.005873841567750357,0.6947104569702423,0.7060865094157722,0.001921981990293338,0.0837271387836493,0.0875290761417604,0.02539674304050984,0.5949214817943879,0.6431451005538775,0.0038601959202746393,0.1058727908683778,0.1135853979631561,0.04034613289869805,0.598827438800976,0.6793572562909977
19,Ablation: clip_norm,clean,3,"42,123,2024",results/ablation/tables/ablation_runs.csv,,0.6346594682605994,0.08016129824629,0.5865260843152105,0.10288817368546697,0.6558777071702474,0.09949228296568938,0.5202133813227071,0.700559161899865,0.011396904239945714,0.0672760216114175,0.0889205420084663,0.0628311658192301,0.5340302460037077,0.6561432969651267,0.013495970433502955,0.0906205330741959,0.1173448518726541,0.037229000205980176,0.6141641336580799,0.6857334824789751
19,Ablation: clip_norm,sign_flip,3,"42,123,2024",results/ablation/tables/ablation_runs.csv,,0.6864837071791247,0.08321341115602031,0.6052122769998665,0.10479315068900236,0.5962825761287879,0.027262929646719107,0.6558904813934058,0.7082074683462948,0.0006636742028252582,0.0824697778387382,0.0837456041363761,0.0335818876310632,0.5807275176747821,0.6434953094472349,0.006413412403611688,0.101082314762809,0.1121987156055999,0.07375833303589317,0.5128787066318073,0.652922302110647
19,Ablation: clip_norm,scaled,3,"42,123,2024",results/ablation/tables/ablation_runs.csv,,0.6731152387685584,0.08541831100354447,0.5966571990714674,0.10529468461213087,0.6272919085676388,0.046269084619523795,0.6201555369882383,0.7057008805193136,0.011522672659162717,0.0754730446553411,0.0980454032152063,0.0339321525868107,0.5714788035169046,0.6352449982947513,0.005361130109183095,0.0994845186195583,0.1100499552750214,0.03458730776269867,0.5881192347252385,0.6536167969874425
19,Ablation: clip_norm,random_noise,3,"42,123,2024",results/ablation/tables/ablation_runs.csv,,0.6980311502453028,0.08634814525778979,0.6072966320830729,0.10462433494501748,0.6327173268455618,0.014373025425288143,0.6816633459733916,0.7085930972427534,0.002110984644537007,0.0839107983851163,0.0875944110150247,0.040701833972833265,0.5682078467890699,0.6494394635463198,0.013381061607272655,0.0892982190246091,0.1139860505615139,0.031122083001255695,0.5976814931299089,0.6571599687682474
19,Ablation: clip_cos_norm,clean,3,"42,123,2024",results/ablation/tables/ablation_runs.csv,,0.6346594682605994,0.08016129824629,0.5865260843152105,0.10288817368546697,0.6558777071702474,0.09949228296568938,0.5202133813227071,0.700559161899865,0.011396904239945714,0.0672760216114175,0.0889205420084663,0.0628311658192301,0.5340302460037077,0.6561432969651267,0.013495970433502955,0.0906205330741959,0.1173448518726541,0.037229000205980176,0.6141641336580799,0.6857334824789751
19,Ablation: clip_cos_norm,sign_flip,3,"42,123,2024",results/ablation/tables/ablation_runs.csv,,0.6731152387685584,0.08541831100354447,0.5966571990714674,0.10529468461213087,0.6272919085676388,0.046269084619523795,0.6201555369882383,0.7057008805193136,0.011522672659162717,0.0754730446553411,0.0980454032152063,0.0339321525868107,0.5714788035169046,0.6352449982947513,0.005361130109183095,0.0994845186195583,0.1100499552750214,0.03458730776269867,0.5881192347252385,0.6536167969874425
19,Ablation: clip_cos_norm,scaled,3,"42,123,2024",results/ablation/tables/ablation_runs.csv,,0.6731152387685584,0.08541831100354447,0.5966571990714674,0.10529468461213087,0.6272919085676388,0.046269084619523795,0.6201555369882383,0.7057008805193136,0.011522672659162717,0.0754730446553411,0.0980454032152063,0.0339321525868107,0.5714788035169046,0.6352449982947513,0.005361130109183095,0.0994845186195583,0.1100499552750214,0.03458730776269867,0.5881192347252385,0.6536167969874425
19,Ablation: clip_cos_norm,random_noise,3,"42,123,2024",results/ablation/tables/ablation_runs.csv,,0.6980311502453028,0.08634814525778979,0.6072966320830729,0.10462433494501748,0.6327173268455618,0.014373025425288143,0.6816633459733916,0.7085930972427534,0.002110984644537007,0.0839107983851163,0.0875944110150247,0.040701833972833265,0.5682078467890699,0.6494394635463198,0.013381061607272655,0.0892982190246091,0.1139860505615139,0.031122083001255695,0.5976814931299089,0.6571599687682474
19,Ablation: full,clean,3,"42,123,2024",results/ablation/tables/ablation_runs.csv,,0.6252972556076869,0.06976452736552796,0.5690785145749095,0.09465204164821693,0.6537722677874823,0.09716045701589966,0.5157786490134327,0.701137605244553,0.01213241048113526,0.0590777712725153,0.0829526690948423,0.06632694362580165,0.5279314821553506,0.6455935604655808,0.022183560668283343,0.0698491832119369,0.112596396444587,0.02314435489230441,0.6319939072156429,0.6780755608462673
19,Ablation: full,sign_flip,3,"42,123,2024",results/ablation/tables/ablation_runs.csv,,0.6727081860445187,0.06875597040642677,0.5570196830587001,0.08167000989595867,0.6230868970461333,0.024714899291693924,0.6553763095314609,0.7010090622790668,0.01971302959048738,0.0527876999534089,0.090788745769614,0.036628116114535036,0.518937119761788,0.5919954452337493,0.02116761752304709,0.0666666666666666,0.1058822410631766,0.04536318731843179,0.570774230996521,0.6515578556936771
19,Ablation: full,scaled,3,"42,123,2024",results/ablation/tables/ablation_runs.csv,,0.6727081860445187,0.06875597040642677,0.5570196830587001,0.08167000989595867,0.6230868970461333,0.024714899291693924,0.6553763095314609,0.7010090622790668,0.01971302959048738,0.0527876999534089,0.090788745769614,0.036628116114535036,0.518937119761788,0.5919954452337493,0.02116761752304709,0.0666666666666666,0.1058822410631766,0.04536318731843179,0.570774230996521,0.6515578556936771
19,Ablation: full,random_noise,3,"42,123,2024",results/ablation/tables/ablation_runs.csv,,0.686140925937828,0.07500335772268536,0.5765598925008765,0.09320134759381589,0.6283471721448722,0.026665333768077098,0.6553763095314609,0.7026158493476444,0.019559506807867878,0.0527876999534089,0.0896357743812086,0.05159355915515161,0.518937119761788,0.6184711793544188,0.022996861873495505,0.0666666666666666,0.1073567686277306,0.03129573583827268,0.5922148677051323,0.646928604448202
20,Final confirmation: fedavg_control,clean,3,"101,202,303",results/final/final_confirmation_runs.csv,fresh seeds,0.7056151852089895,0.09463577596961464,0.606775330692065,0.11210021602492622,0.643149308040586,0.0026704266123233076,0.7028729352786168,0.7082074683462948,0.008596453392364627,0.08941629029820429,0.10455761412209147,0.013553449410419171,0.5931227956515012,0.6202274722034083,0.004301973738398223,0.10748003720642732,0.11599063413722721,0.039888341336001554,0.6056913004667644,0.6850893657886381
20,Final confirmation: fedavg_control,sign_flip,3,"101,202,303",results/final/final_confirmation_runs.csv,fresh seeds,0.6501917432568503,0.08543527507045941,0.5598582013434181,0.08811244312192477,0.5883297453533632,0.07393445464229825,0.5648820618291664,0.695674529211389,0.020625255041477174,0.06176424249407133,0.09954297271181618,0.03765519584500907,0.5165673056347783,0.5850161320352384,0.01903981775058614,0.06632454485696154,0.10155203104894192,0.06093150013887139,0.542686929775207,0.6575213779504698
20,Final confirmation: fedavg_control,scaled,3,"101,202,303",results/final/final_confirmation_runs.csv,fresh seeds,0.4369175396876406,0.03519179996893928,0.34595807984119203,0.044444444444444446,0.6075490404542448,0.3783816887284924,0.0,0.6553763095314609,0.030476992778001834,0.0,0.052787699953408915,0.29960848578695737,0.0,0.518937119761788,0.03849001794597505,0.0,0.06666666666666667,0.04354412480403471,0.5745948357116009,0.6569139231897732
20,Final confirmation: fedavg_control,random_noise,3,"101,202,303",results/final/final_confirmation_runs.csv,fresh seeds,0.7073076675878912,0.08905287978965777,0.6067644320715652,0.11154066902228126,0.6377326036363737,0.0010619391761590182,0.7060865094157722,0.7080146538980654,0.0027438037403372433,0.0863829737430655,0.09186504648817702,0.007956508804021342,0.601444835350794,0.6159113291975578,0.0010713709173640856,0.11033197523930091,0.11237333618622233,0.037080012416153614,0.6041799204243705,0.6775434933763919
20,Final confirmation: variant5,clean,3,"101,202,303",results/final/final_confirmation_runs.csv,fresh seeds,0.7093215073805087,0.09047844634191926,0.6124993125704573,0.11490182792918892,0.638192621077461,0.0024828543240007195,0.7067292242432033,0.7116781284144226,0.0031044321620518687,0.08696773831000879,0.09286125225626315,0.016141173539852633,0.6002457515417864,0.6307885420499937,0.003768887204990237,0.11088293942662876,0.11835727085506433,0.026538651775948906,0.6093567544044309,0.6615921819389017
20,Final confirmation: variant5,sign_flip,3,"101,202,303",results/final/final_confirmation_runs.csv,fresh seeds,0.7041369411058981,0.08544345915751671,0.6222268593227178,0.11264251815002035,0.6256040882908511,0.011175909632136103,0.6912397969021146,0.7109711421042484,0.0017246816993254878,0.08373971386045723,0.08718834128866633,0.012241018958682666,0.6123765222161291,0.6359310192367409,0.0033994499836171458,0.10872461003087658,0.11481065435169584,0.051680373671092836,0.5796339598313569,0.6815424754159753
20,Final confirmation: variant5,scaled,3,"101,202,303",results/final/final_confirmation_runs.csv,fresh seeds,0.7041369411058981,0.08544345915751671,0.6222268593227178,0.11264251815002035,0.6256040882908511,0.011175909632136103,0.6912397969021146,0.7109711421042484,0.0017246816993254878,0.08373971386045723,0.08718834128866633,0.012241018958682666,0.6123765222161291,0.6359310192367409,0.0033994499836171458,0.10872461003087658,0.11481065435169584,0.051680373671092836,0.5796339598313569,0.6815424754159753
20,Final confirmation: variant5,random_noise,3,"101,202,303",results/final/final_confirmation_runs.csv,fresh seeds,0.7021659489684428,0.09821148312062021,0.6009024413242855,0.10901055271752536,0.6315061245548611,0.004278279899901661,0.6974098592454528,0.7057008805193136,0.011845654893217985,0.08453420559795463,0.10518650195824544,0.009994033042080559,0.5946115549559576,0.6124263842531404,0.001024008861204481,0.10792080855628958,0.109952838178787,0.06469742901495741,0.5729130559566111,0.7009386346777534
