metric,centralized_cnn_v1,final_fedavg_control_random_noise_s101,delta_fedavg_minus_central,verdict
accuracy,0.7688154765730445,0.7080146538980654,-0.060800822674979105,degrades
macro_precision,0.15104195968303255,0.07277617583246966,-0.07826578385056289,degrades
macro_recall_all_15_labels_zero_for_no_support,0.14306930841602053,0.11237333618622233,-0.030695972229798196,degrades
macro_sensitivity_supported_classes,0.2682549532800385,0.21070000534916689,-0.057554947930871625,degrades
macro_f1,0.13985305799635317,0.0863829737430655,-0.05347008425328767,degrades
weighted_precision,0.707759652320602,0.550207086385473,-0.157552565935129,degrades
weighted_recall,0.7688154765730445,0.7080146538980654,-0.060800822674979105,degrades
weighted_f1,0.7208006330151878,0.6159113291975578,-0.10488930381763006,degrades
macro_specificity_all_classes,0.9663900450965924,0.9597561522570939,-0.006633892839498556,matches
weighted_specificity,0.7270351998758416,0.6883276299583427,-0.03870756991749891,degrades
macro_auroc_ovr_defined_classes,0.6237736896009698,0.6041799204243705,-0.019593769176599274,degrades
weighted_auroc_ovr_defined_classes,0.9003963081409875,0.8296051453268112,-0.0707911628141763,degrades
micro_auroc_ovr_flattened,0.9624181164636079,0.9307866059797316,-0.031631510483876246,degrades
