metric,centralized_cnn_v1,final_fedavg_control_clean_s303,delta_fedavg_minus_central,verdict
accuracy,0.7688154765730445,0.7028729352786168,-0.06594254129442767,degrades
macro_precision,0.15104195968303255,0.1110090624221059,-0.04003289726092665,degrades
macro_recall_all_15_labels_zero_for_no_support,0.14306930841602053,0.10748003720642732,-0.03558927120959321,degrades
macro_sensitivity_supported_classes,0.2682549532800385,0.20152506976205123,-0.06672988351798728,degrades
macro_f1,0.13985305799635317,0.10455761412209147,-0.0352954438742617,degrades
weighted_precision,0.707759652320602,0.5273810384700699,-0.1803786138505321,degrades
weighted_recall,0.7688154765730445,0.7028729352786168,-0.06594254129442767,degrades
weighted_f1,0.7208006330151878,0.5931227956515012,-0.12767783736368665,degrades
macro_specificity_all_classes,0.9663900450965924,0.942661614790603,-0.02372843030598948,degrades
weighted_specificity,0.7270351998758416,0.43705128658042747,-0.2899839132954142,degrades
macro_auroc_ovr_defined_classes,0.6237736896009698,0.6386672578663553,0.01489356826538546,improves
weighted_auroc_ovr_defined_classes,0.9003963081409875,0.8226198665404647,-0.07777644160052277,degrades
micro_auroc_ovr_flattened,0.9624181164636079,0.937597856516161,-0.024820259947446854,degrades
