metric,centralized_cnn_v1,final_fedavg_control_sign_flip_s101,delta_fedavg_minus_central,verdict
accuracy,0.7688154765730445,0.5648820618291664,-0.20393341474387805,degrades
macro_precision,0.15104195968303255,0.06024261858678383,-0.09079934109624872,degrades
macro_recall_all_15_labels_zero_for_no_support,0.14306930841602053,0.06632454485696154,-0.07674476355905899,degrades
macro_sensitivity_supported_classes,0.2682549532800385,0.1243585216068029,-0.14389643167323563,degrades
macro_f1,0.13985305799635317,0.06176424249407133,-0.07808881550228183,degrades
weighted_precision,0.707759652320602,0.4806194492586522,-0.22714020306194982,degrades
weighted_recall,0.7688154765730445,0.5648820618291664,-0.20393341474387805,degrades
weighted_f1,0.7208006330151878,0.5165673056347783,-0.20423332738040956,degrades
macro_specificity_all_classes,0.9663900450965924,0.9415845751780242,-0.024805469918568246,degrades
weighted_specificity,0.7270351998758416,0.5588865658411942,-0.16814863403464742,degrades
macro_auroc_ovr_defined_classes,0.6237736896009698,0.542686929775207,-0.08108675982576274,degrades
weighted_auroc_ovr_defined_classes,0.9003963081409875,0.7013426440899879,-0.19905366405099956,degrades
micro_auroc_ovr_flattened,0.9624181164636079,0.866346313298778,-0.09607180316482988,degrades
