seed,round,participants,encrypt_seconds_all_clients,aggregate_seconds_server,decrypt_seconds,uplink_ciphertext_bytes_total,uplink_ciphertext_bytes_per_client_mean,downlink_ciphertext_bytes_per_client,aggregate_max_abs_error,aggregate_rms_error,aggregate_max_abs_value,state_max_abs_error_vs_plaintext_fedavg,dimension
42,1,5,0.0861834000006638,0.0192755999996734,0.0033461999992141,4969882,993976.4,705279,1.301936400910364e-07,1.2410344323286912e-08,0.9646562791025346,1.341104507446289e-07,10351
42,2,5,0.0914957000004506,0.0215685999992274,0.0033282000003964,4970240,994048.0,705214,3.3821935585542924e-08,3.959126258080012e-09,0.2548905028426824,1.1920928955078125e-07,10351
42,3,5,0.081382800000938,0.0182614999994257,0.0032432999996672,4971922,994384.4,705160,2.268666077220871e-08,3.428869145418549e-09,0.1770609230629326,1.1920928955078125e-07,10351
42,4,5,0.1120785999992222,0.0248201000013068,0.0049093999987235,4971963,994392.6,705249,1.8572985408318865e-08,3.233136959061672e-09,0.101120507114553,1.1920928955078125e-07,10351
42,5,5,0.1103657000003295,0.024759100000665,0.0050642000005609,4972018,994403.6,705260,1.7327827388224918e-08,3.119593172853701e-09,0.1106246090343799,1.1920928955078125e-07,10351
42,6,5,0.1008985999997094,0.0237383000003319,0.0040957000001071,4971221,994244.2,705394,1.5251537734128906e-08,3.052721330243365e-09,0.068783958134326,1.1920928955078125e-07,10351
42,7,5,0.0778011999991576,0.0176833999994414,0.0032052000005933,4970444,994088.8,704989,1.896032288247959e-08,3.0830872077721236e-09,0.0507346991355921,1.1920928955078125e-07,10351
42,8,5,0.0862953000014385,0.0181852999994589,0.0044452000001911,4970763,994152.6,705165,1.917024830132459e-08,3.030200717540854e-09,0.0721598238125683,1.1920928955078125e-07,10351
42,9,5,0.07946179999999,0.0177987000006396,0.0031889000001683,4970178,994035.6,705393,1.8650804426475348e-08,3.0253403147927558e-09,0.0754574520302771,5.960464477539064e-08,10351
42,10,5,0.0816761000005499,0.0180983999998716,0.0032781999998405,4970224,994044.8,705275,2.1408370957064216e-08,3.045625447700723e-09,0.0544595031089585,1.1920928955078125e-07,10351
42,11,5,0.0866671000003407,0.0193430999988777,0.0033998000017163,4969617,993923.4,705337,2.0730411536364936e-08,3.049378280102711e-09,0.0556174416979384,1.1920928955078125e-07,10351
42,12,5,0.0835755999996763,0.0222635000009177,0.0034911999991891,4971452,994290.4,705330,1.7953872688027117e-08,3.053127018819193e-09,0.0524511023423965,1.1920928955078125e-07,10351
42,13,5,0.0823654000014357,0.0188118999994912,0.0039591999993717,4972506,994501.2,704991,1.947594387846641e-08,3.020173359975796e-09,0.0599345751734105,1.1920928955078125e-07,10351
42,14,5,0.0868964000001142,0.0194073999991815,0.0044802000011259,4971456,994291.2,705325,1.7642051246095913e-08,3.024231867138976e-09,0.0535018103465505,5.960464477539064e-08,10351
42,15,5,0.0866833000000042,0.017996900000071,0.003251199999795,4970604,994120.8,705264,1.8986861161432445e-08,2.987208138472296e-09,0.0535877865326166,5.960464477539064e-08,10351
42,16,5,0.0793188999996346,0.0178849000003538,0.0032460999991599,4970705,994141.0,704935,1.9770559280961504e-08,3.0272151543102197e-09,0.0526192961401665,1.1920928955078125e-07,10351
42,17,5,0.083304700001463,0.0206143999985215,0.0046068999999988,4970649,994129.8,704906,1.8239278655332942e-08,3.0008805310138502e-09,0.0488265140121172,5.960464477539064e-08,10351
42,18,5,0.086373199999798,0.0218633999993471,0.00456529999974,4971847,994369.4,705376,2.1166860538629484e-08,2.989587049087112e-09,0.0610976658207151,5.960464477539064e-08,10351
42,19,5,0.0832485999999335,0.0232778000008693,0.0034317999998165,4971983,994396.6,705447,1.9795904106917342e-08,2.995961152275654e-09,0.0464702193257425,1.1920928955078125e-07,10351
42,20,5,0.0893414000001939,0.0187798000006296,0.0032821999993757,4970013,994002.6,705273,2.1376576911369405e-08,2.9479259977672072e-09,0.0422617902531307,1.1920928955078125e-07,10351
123,1,5,0.0905084000005445,0.0199057999998331,0.0032886000008147,4970044,994008.8,705219,1.2625971823609916e-07,1.2208658498083926e-08,0.9396285887761971,1.2665987014770508e-07,10351
123,2,5,0.0784039000009215,0.0182972999991761,0.0033024000003933,4970513,994102.6,705274,3.7495177962476596e-08,3.8166641930617604e-09,0.2882986733061817,1.1920928955078125e-07,10351
123,3,5,0.0801081999998132,0.0185001999998348,0.0035881999992852,4970454,994090.8,705338,2.922003333738488e-08,3.5255990805693603e-09,0.2071665853758653,1.1920928955078125e-07,10351
123,4,5,0.0800051999995048,0.0181057000008877,0.0032589999991614,4973869,994773.8,705219,2.2804115346053425e-08,3.221331076107985e-09,0.1728950917909581,1.1920928955078125e-07,10351
123,5,5,0.0825806000011653,0.0197402999983751,0.0034094000002369,4968741,993748.2,705428,2.0401527189850558e-08,3.1258032964805503e-09,0.1112847950528204,1.1920928955078125e-07,10351
123,6,5,0.0805569000003743,0.0187727000011364,0.0032739999987825,4971725,994345.0,705390,2.388808887157645e-08,3.083425756510229e-09,0.102505983176691,1.1920928955078125e-07,10351
123,7,5,0.0867548000005626,0.0190315999989252,0.0035170999999536,4971196,994239.2,705240,1.6049539711127103e-08,2.98255342230674e-09,0.0813239526341301,1.1920928955078125e-07,10351
123,8,5,0.081686699999409,0.0181264000002556,0.0035762000006798,4972222,994444.4,705302,2.065946020160525e-08,3.0352406810241812e-09,0.0963769735031785,1.1920928955078125e-07,10351
123,9,5,0.0886030000001483,0.0185611999986576,0.0035763000014412,4973331,994666.2,705282,2.1444222512295722e-08,2.986460532112875e-09,0.0493018156432244,1.1920928955078125e-07,10351
123,10,5,0.0873365000006742,0.022413200000301,0.0045381999989331,4969446,993889.2,705317,1.6965531391636285e-08,3.0293231722782067e-09,0.0756438291730475,1.1920928955078125e-07,10351
123,11,5,0.0875206000000616,0.0187433999999484,0.0034679000000323,4972530,994506.0,704995,2.4615280013514512e-08,3.004656598333042e-09,0.0610311565412596,5.960464477539064e-08,10351
123,12,5,0.090104799999608,0.0197704999991401,0.0034609000013006,4969273,993854.6,705306,1.652127575415066e-08,2.9432900251777157e-09,0.0440780082477591,1.1920928955078125e-07,10351
123,13,5,0.0810330000003887,0.0181119999997463,0.0035554000005504,4969977,993995.4,705544,2.5777050712254973e-08,2.97774369112426e-09,0.0448184288884462,5.960464477539064e-08,10351
123,14,5,0.0895313000000896,0.0184423000009701,0.0033552000004419,4973316,994663.2,705219,2.4493892883132445e-08,2.977328339669708e-09,0.0440192772710346,1.1920928955078125e-07,10351
123,15,5,0.101298500001576,0.021205999999438,0.0036378000004333,4969044,993808.8,705290,1.9533745853912016e-08,2.937844654714836e-09,0.038578484401174,1.1920928955078125e-07,10351
123,16,5,0.0807589999985793,0.0181230000016512,0.0033157999987452,4970086,994017.2,705274,1.8125165004620993e-08,2.9225156290148624e-09,0.0435370030418893,1.1920928955078125e-07,10351
123,17,5,0.0815918999996938,0.0231808999997156,0.0046254000008048,4967788,993557.6,705098,1.7078284594027396e-08,2.9071368784142262e-09,0.037421306030432,1.1920928955078125e-07,10351
123,18,5,0.0882892999998148,0.0190963000004558,0.0033554000001458,4972678,994535.6,705230,1.4893229532877278e-08,2.9357551183190333e-09,0.0431441092568009,1.1920928955078125e-07,10351
123,19,5,0.0820278000010148,0.0181384999996225,0.0032802999994601,4970952,994190.4,705430,1.8684347528419385e-08,2.88943023423883e-09,0.0362833733319621,1.1920928955078125e-07,10351
123,20,5,0.0865489000007073,0.0194768000001204,0.0035081000005448,4970338,994067.6,705255,1.912464379721056e-08,2.972481525190144e-09,0.0351314460155196,1.1920928955078125e-07,10351
2024,1,5,0.0853794999984529,0.0195204000010562,0.0033148999991681,4970130,994026.0,704790,1.2719146669226689e-07,1.2319451632773496e-08,0.9442801264240656,1.341104507446289e-07,10351
2024,2,5,0.0885135999997146,0.0186976000004506,0.0035289999996166,4970089,994017.8,705197,4.440553741380526e-08,3.893255556142171e-09,0.3445133193983407,1.1920928955078125e-07,10351
2024,3,5,0.0808348999998997,0.0181405000002996,0.003489199998512,4971092,994218.4,705289,2.5162807226752903e-08,3.449645718078076e-09,0.1913619122573977,1.1920928955078125e-07,10351
2024,4,5,0.0828636999995069,0.0202234999997017,0.003452400000242,4969283,993856.6,704973,2.5625874366941304e-08,3.245129835983849e-09,0.1585422923663291,1.1920928955078125e-07,10351
2024,5,5,0.0870063000002119,0.0202125999985582,0.0036304000004747,4972026,994405.2,704956,2.1289774138066875e-08,3.1549381069268726e-09,0.1598112581919117,1.1920928955078125e-07,10351
2024,6,5,0.0843002000001433,0.0183561000012559,0.004977399999916,4966853,993370.6,705384,2.1103282102277052e-08,3.123348345513009e-09,0.1312556725984462,1.1920928955078125e-07,10351
2024,7,5,0.0805911000006744,0.0194100999997317,0.0043267000000923,4969630,993926.0,705364,2.25296723159029e-08,3.057436920130869e-09,0.0618997194833674,1.1920928955078125e-07,10351
2024,8,5,0.0883696999990206,0.022550499999852,0.0047061999994184,4970319,994063.8,705321,2.6648698655748482e-08,3.0708262030622634e-09,0.0561193377517408,1.1920928955078125e-07,10351
2024,9,5,0.0911192999992636,0.0187939000006736,0.0035124000005453,4971272,994254.4,704925,2.1461900610864063e-08,2.9918029814091903e-09,0.0541917082096667,1.1920928955078125e-07,10351
2024,10,5,0.0818145000012009,0.0190528999992238,0.0035289999996166,4970877,994175.4,705312,2.232608103079625e-08,3.0056582957899783e-09,0.0522170659352086,1.1920928955078125e-07,10351
2024,11,5,0.0837341000005835,0.0210968999999749,0.0045439999994414,4969993,993998.6,704988,1.7554917393011737e-08,3.0707549978518636e-09,0.08513106438458,1.1920928955078125e-07,10351
2024,12,5,0.101881399999911,0.0227592999999615,0.0036534999999275,4970466,994093.2,705323,1.809461376567345e-08,3.013052061179933e-09,0.079266714691962,1.1920928955078125e-07,10351
2024,13,5,0.0893814999999449,0.018978899999638,0.0033340000009047,4971386,994277.2,705245,1.5384032653895444e-08,2.9913068053525504e-09,0.0513852834170245,1.1920928955078125e-07,10351
2024,14,5,0.0824776000008569,0.0202169999993202,0.0033161000010295,4972473,994494.6,705285,2.233447404602872e-08,3.0175889961208304e-09,0.0554311018457803,1.1920928955078125e-07,10351
2024,15,5,0.0963898999998491,0.0185475999987829,0.0032940000000962,4970754,994150.8,704990,1.8514835217493117e-08,3.0090839137411662e-09,0.0546781668445512,1.1920928955078125e-07,10351
2024,16,5,0.0883671999999933,0.0216421999994054,0.0033199999998032,4971190,994238.0,705404,2.0411646134269917e-08,2.9959866045619063e-09,0.0457600717227077,1.1920928955078125e-07,10351
2024,17,5,0.081911700001001,0.0189640999997209,0.0039914999997563,4971202,994240.4,705326,2.3880664542629687e-08,2.9962628544925774e-09,0.0451611419901165,1.1920928955078125e-07,10351
2024,18,5,0.0860355000004347,0.0184256000011373,0.0033156999998027,4971380,994276.0,705356,1.738476362173058e-08,3.0399357596796812e-09,0.0413690803552119,1.1920928955078125e-07,10351
2024,19,5,0.0888892999992094,0.018719499999861,0.0035031999996135,4973229,994645.8,705329,1.7267624163874732e-08,2.9335761541246047e-09,0.0398538199591682,1.1920928955078125e-07,10351
2024,20,5,0.0904871999991883,0.0195648000008077,0.0038057000001572,4970511,994102.2,705335,1.913508524938393e-08,3.02340895347077e-09,0.0503193159656014,1.1920928955078125e-07,10351
