seed,round,sensitivity,noise_std,noise_l2_norm,aggregate_signal_l2_norm,noise_to_signal_ratio,clients_clipped,median_update_norm,max_update_norm,dimension
42,1,0.2411089619600258,0.6485831076724694,66.16235825541635,0.9610084134945952,68.8468043841829,5,9.417178028011886,9.65800894976896,10351
42,2,0.2411089619600258,0.6485831076724694,66.33509435400622,0.986658105005289,67.23209794506337,5,355.7484553835004,382.8944416195704,10351
42,3,0.2411089619600258,0.6485831076724694,66.53510630098064,0.9903009392603984,67.18675471586656,5,975.1049637801606,977.2935822288516,10351
42,4,0.2411089619600258,0.6485831076724694,66.591990842116,0.9874750330839837,67.43663243225758,5,1818.478883491651,1972.518056500001,10351
42,5,0.2411089619600258,0.6485831076724694,65.83590180202263,0.9882789467434768,66.61671992402705,5,2880.579480551085,3072.0417778463298,10351
42,6,0.2411089619600258,0.6485831076724694,65.69837362622107,0.991084378851192,66.28938466609154,5,3895.152159866299,4135.053189347515,10351
42,7,0.2411089619600258,0.6485831076724694,65.70993845958289,0.9945010223608822,66.0732739153869,5,7634.560576686615,7748.171842795104,10351
42,8,0.2411089619600258,0.6485831076724694,66.80595146808324,0.9946506610828558,67.16524110621206,5,9032.360859168764,10013.231903697064,10351
42,9,0.2411089619600258,0.6485831076724694,65.267972639472,0.994952244618959,65.59910085379822,5,11982.75879606682,12567.235574154374,10351
42,10,0.2411089619600258,0.6485831076724694,65.79175292550676,0.9940099668281444,66.18822257431304,5,14771.389151405976,16438.091020038697,10351
42,11,0.2411089619600258,0.6485831076724694,65.64561448268572,0.9954418250419738,65.9462088403988,5,14866.449783905016,15867.599481989098,10351
42,12,0.2411089619600258,0.6485831076724694,65.22988319112642,0.9946576341104352,65.58023681129667,5,20047.464989853263,20866.353862973065,10351
42,13,0.2411089619600258,0.6485831076724694,66.37819048109075,0.9934086453420948,66.8186156747533,5,16220.361480973776,16688.460160564184,10351
42,14,0.2411089619600258,0.6485831076724694,66.60742792006842,0.9933585480052886,67.05275557734849,5,16512.80738391697,16796.6855067948,10351
42,15,0.2411089619600258,0.6485831076724694,66.51173536638863,0.9922369265378884,67.0321105650253,5,20598.45964122509,20990.32928482022,10351
42,16,0.2411089619600258,0.6485831076724694,65.79006567067877,0.9940413682163858,66.18443434474591,5,22545.160193638905,25209.82567578211,10351
42,17,0.2411089619600258,0.6485831076724694,65.98718265535321,0.9901230360002116,66.64543723972008,5,20443.485199012262,24893.6058068636,10351
42,18,0.2411089619600258,0.6485831076724694,66.05890004350017,0.991981017382008,66.59290741050657,5,28262.014419712992,30559.03119714176,10351
42,19,0.2411089619600258,0.6485831076724694,65.96185813841282,0.9898930394680392,66.63533887849157,5,30242.824298632364,32265.52148206095,10351
42,20,0.2411089619600258,0.6485831076724694,66.44963891919934,0.9907068413438526,67.0729585646781,5,30617.624350074613,33458.12047412884,10351
123,1,0.2319922630560928,0.6240591876208897,63.43164491484603,0.9530251066287742,66.55820971939427,5,9.469734421412246,9.573260832114917,10351
123,2,0.2319922630560928,0.6240591876208897,63.47878072889851,0.9857292064667862,64.3977882692851,5,255.1136262261319,268.7468746692433,10351
123,3,0.2319922630560928,0.6240591876208897,63.689937216970144,0.9878162314710252,64.47549168343294,5,571.6597023292936,648.1695128700709,10351
123,4,0.2319922630560928,0.6240591876208897,63.32153678687255,0.991963909285446,63.834516754229256,5,1123.6087733032325,1244.144993293432,10351
123,5,0.2319922630560928,0.6240591876208897,63.82464367714592,0.9938665380527024,64.21852555997961,5,1644.2262473309877,1751.1052659474965,10351
123,6,0.2319922630560928,0.6240591876208897,62.87515536889536,0.9937170823813204,63.272692483279855,5,2090.3730878467886,2271.435862152412,10351
123,7,0.2319922630560928,0.6240591876208897,63.498858394656,0.9935004275185896,63.9142738501417,5,3471.2287284507647,3797.6315588903008,10351
123,8,0.2319922630560928,0.6240591876208897,64.14056595557223,0.9936584633737724,64.54991158410257,5,4682.358560837014,5034.34614099813,10351
123,9,0.2319922630560928,0.6240591876208897,63.76941561871125,0.9943016965027696,64.13487560466373,5,6963.161570479684,7372.149637336299,10351
123,10,0.2319922630560928,0.6240591876208897,63.76988084801045,0.9931926634960224,64.20695922535461,5,7818.250090221506,8126.963780680065,10351
123,11,0.2319922630560928,0.6240591876208897,63.662853541119546,0.9949440209763084,63.98636727184823,5,8903.300321626604,9066.065424414188,10351
123,12,0.2319922630560928,0.6240591876208897,63.563000163354936,0.9947901873766564,63.8958857555439,5,8823.149851358485,8988.289087321898,10351
123,13,0.2319922630560928,0.6240591876208897,63.84237532983616,0.9938149197931256,64.23970304563923,5,11320.712891066152,11627.854627102535,10351
123,14,0.2319922630560928,0.6240591876208897,63.94106921219485,0.9934454741685796,64.36293775026506,5,12892.83464791798,13207.7680544711,10351
123,15,0.2319922630560928,0.6240591876208897,63.83065641056656,0.9942016899655308,64.20292487410636,5,14241.988336739212,14760.377904020208,10351
123,16,0.2319922630560928,0.6240591876208897,63.603928441620575,0.9953064471199456,63.90386460940465,5,17422.25923806969,17970.091059815062,10351
123,17,0.2319922630560928,0.6240591876208897,62.94951425413006,0.9956849140390408,63.22232401691467,5,19690.44148863215,19854.726507934123,10351
123,18,0.2319922630560928,0.6240591876208897,63.36279204840234,0.9956676847292196,63.63849406806288,5,23185.85122771148,24195.220438141565,10351
123,19,0.2319922630560928,0.6240591876208897,62.96128335556555,0.9951451554237828,63.26844180711854,5,27383.55919401062,30882.92189704641,10351
123,20,0.2319922630560928,0.6240591876208897,63.31067372756681,0.9949791485283376,63.63015126619378,5,30028.53916632223,32227.62418515065,10351
2024,1,0.2330883301096067,0.627007607994842,63.38224883211434,0.9563153928901924,66.2775579095924,5,9.648874489153073,9.923665054748431,10351
2024,2,0.2330883301096067,0.627007607994842,63.38612134721899,0.9819253834033445,64.5528900857245,5,362.70850397341866,390.2837636044129,10351
2024,3,0.2330883301096067,0.627007607994842,64.10537144261707,0.9847806854996234,65.09608929839393,5,896.652245155987,1007.8608813481744,10351
2024,4,0.2330883301096067,0.627007607994842,63.76576214577826,0.9897063083274508,64.42897414035775,5,1523.6499535405796,1600.3416104530158,10351
2024,5,0.2330883301096067,0.627007607994842,62.72844885507548,0.9867492468153378,63.57080996770662,5,1746.654030820676,1762.3218547730055,10351
2024,6,0.2330883301096067,0.627007607994842,63.17781212304119,0.9863216894711792,64.0539621073468,5,3044.59130373373,3266.9217923487167,10351
2024,7,0.2330883301096067,0.627007607994842,63.94526075422896,0.98329956212276,65.03131214274426,5,4131.282449284486,4304.087565773326,10351
2024,8,0.2330883301096067,0.627007607994842,64.18267118763364,0.989323908395876,64.87528568040133,5,5566.200076170827,6422.521604084551,10351
2024,9,0.2330883301096067,0.627007607994842,64.13120744092832,0.9914002520391504,64.68750366869563,5,6033.685328172567,6871.881993925691,10351
2024,10,0.2330883301096067,0.627007607994842,62.662286370010456,0.9883105685429412,63.40343649506145,5,8485.461424846928,9358.313083125697,10351
2024,11,0.2330883301096067,0.627007607994842,63.5310986551462,0.9892081666034064,64.22419547271804,5,9318.000896921334,9333.573304059284,10351
2024,12,0.2330883301096067,0.627007607994842,63.96529797815656,0.991382124982492,64.52133477722953,5,11759.979596827508,12125.96185505226,10351
2024,13,0.2330883301096067,0.627007607994842,64.01099124138271,0.9924076710022544,64.50070178995755,5,13582.0875364412,15059.477234167149,10351
2024,14,0.2330883301096067,0.627007607994842,64.38335691878184,0.993124212516382,64.8291080887526,5,19598.14833777298,20066.580375495123,10351
2024,15,0.2330883301096067,0.627007607994842,63.77469149728093,0.9953970562578932,64.06960026287018,5,22003.69433747718,22623.402825748297,10351
2024,16,0.2330883301096067,0.627007607994842,63.83950131859464,0.9963425543064044,64.07384793780686,5,23744.598176199223,24084.893114635397,10351
2024,17,0.2330883301096067,0.627007607994842,63.53074249008869,0.9972324905754862,63.70705235789716,5,33168.952481093576,34677.96348852581,10351
2024,18,0.2330883301096067,0.627007607994842,64.22230868939118,0.9962631269622466,64.46319948146078,5,38058.19679003264,40285.67481720122,10351
2024,19,0.2330883301096067,0.627007607994842,63.48000243333508,0.9921154029199192,63.98449439098065,5,37626.908377362895,39468.73632238017,10351
2024,20,0.2330883301096067,0.627007607994842,63.56962285959642,0.9933963780026678,63.992203180174776,5,42375.17705363298,43496.929317860144,10351
