seed,arm,label,support,precision,recall,f1_score,specificity,auroc_ovr
42,fedavg,/,2078,0.0,0.0,0.0,1.0,0.9952411189483592
42,fedavg,A,50,0.0,0.0,0.0,1.0,0.767827712940873
42,fedavg,F,13,0.0,0.0,0.0,1.0,0.4350958445902483
42,fedavg,L,2001,0.0,0.0,0.0,1.0,0.9912794377261878
42,fedavg,N,10197,0.9484059611394076,0.9860743355888988,0.9668734073753544,0.8979858261842596,0.9746953680893704
42,fedavg,Q,4,0.0,0.0,0.0,1.0,0.1409675345548055
42,fedavg,V,1210,0.1902360298567682,0.7793388429752066,0.3058213069563807,0.7202592515157851,0.8539106304525498
42,fedavg,a,6,0.0,0.0,0.0,1.0,0.2275338091257849
42,dp_fedavg,/,2078,0.0,0.0,0.0,1.0,0.6281060986342378
42,dp_fedavg,A,50,0.0,0.0,0.0,1.0,0.2856270552582372
42,dp_fedavg,F,13,0.0,0.0,0.0,1.0,0.5363833387762373
42,dp_fedavg,L,2001,0.0,0.0,0.0,1.0,0.5474190733221677
42,dp_fedavg,N,10197,0.6553763095314609,1.0,0.7918154993011337,0.0,0.096884740620957
42,dp_fedavg,Q,4,0.0,0.0,0.0,1.0,0.6084779813564769
42,dp_fedavg,V,1210,0.0,0.0,0.0,1.0,0.4661442125433915
42,dp_fedavg,a,6,0.0,0.0,0.0,1.0,0.2264086242739878
123,fedavg,/,2078,0.0,0.0,0.0,1.0,0.8795406917474629
123,fedavg,A,50,0.0,0.0,0.0,1.0,0.6592269005093816
123,fedavg,F,13,0.0,0.0,0.0,1.0,0.5446565527615316
123,fedavg,L,2001,0.0,0.0,0.0,1.0,0.930625298060514
123,fedavg,N,10197,0.6837692823608317,0.9998038638815336,0.8121241088142749,0.1206639313688922,0.6850926710238733
123,fedavg,Q,4,0.0,0.0,0.0,1.0,0.4619254259080682
123,fedavg,V,1210,0.9918433931484504,0.5024793388429752,0.6670323642347779,0.9996515436615792,0.8350348945905177
123,fedavg,a,6,0.0,0.0,0.0,1.0,0.173996442272659
123,dp_fedavg,/,2078,0.0,0.0,0.0,1.0,0.69374583727756
123,dp_fedavg,A,50,0.0,0.0,0.0,1.0,0.1667289960667999
123,dp_fedavg,F,13,0.0,0.0,0.0,1.0,0.6649942107294481
123,dp_fedavg,L,2001,0.0,0.0,0.0,1.0,0.8034000590794733
123,dp_fedavg,N,10197,0.0,0.0,0.0,1.0,0.4766815572095807
123,dp_fedavg,Q,4,0.0,0.0,0.0,1.0,0.8452667952426872
123,dp_fedavg,V,1210,0.0777684941191593,1.0,0.1443139125767785,0.0,0.6549492607253997
123,dp_fedavg,a,6,0.0,0.0,0.0,1.0,0.3524668338369875
2024,fedavg,/,2078,1.0,0.0004812319538017,0.0009620009620009,1.0,0.6788993085409694
2024,fedavg,A,50,0.0,0.0,0.0,1.0,0.4360184409052808
2024,fedavg,F,13,0.0,0.0,0.0,1.0,0.5507575532662372
2024,fedavg,L,2001,0.0,0.0,0.0,0.9998524856173476,0.9184348303794704
2024,fedavg,N,10197,0.9032221075564728,0.7724821025791899,0.8327518765197167,0.8425960462513987,0.9052307549481116
2024,fedavg,Q,4,0.0,0.0,0.0,1.0,0.2360173577627772
2024,fedavg,V,1210,0.1427316644707949,0.8057851239669421,0.2425071508518841,0.5918879364415639,0.7849740155244497
2024,fedavg,a,6,0.0,0.0,0.0,1.0,0.4703594161898026
2024,dp_fedavg,/,2078,0.0,0.0,0.0,1.0,0.3568465053193247
2024,dp_fedavg,A,50,0.0,0.0,0.0,1.0,0.4403591463021472
2024,dp_fedavg,F,13,0.0,0.0,0.0,1.0,0.6425941869785946
2024,dp_fedavg,L,2001,0.0,0.0,0.0,1.0,0.976024600179627
2024,dp_fedavg,N,10197,0.0,0.0,0.0,1.0,0.5397621994050295
2024,dp_fedavg,Q,4,0.0004339806878593,1.0,0.0008675848606441,0.4077145612343298,0.9951301832208292
2024,dp_fedavg,V,1210,0.1887125220458553,0.0884297520661157,0.1204276871131119,0.9679420168652868,0.4107578550986074
2024,dp_fedavg,a,6,0.0,0.0,0.0,1.0,0.6942176214663838
