run_id,partition,seed,client_id,groups,segments,classes_present,dominant_class,dominant_share,second_class,second_share,missing_classes,js_divergence_vs_pooled_bits
dp_fedavg_v1_natural_s42,natural,42,client_00,7,16406,9,N,0.7457027916615873,R,0.1319639156406193,/ E L a e f,0.0675781677071232
dp_fedavg_v1_natural_s42,natural,42,client_01,7,18698,8,N,0.7750026740827896,L,0.13322280457802974,/ J Q R S f j,0.0974406649394696
dp_fedavg_v1_natural_s42,natural,42,client_02,7,16563,11,N,0.6845378252731993,/,0.12244158666908168,J S e j,0.061613247895013865
dp_fedavg_v1_natural_s42,natural,42,client_03,6,13946,7,N,0.6496486447726947,R,0.1593288398106984,/ E L Q S a e f,0.08718313851236859
dp_fedavg_v1_natural_s42,natural,42,client_04,6,11937,10,N,0.5332998240764011,R,0.23314065510597304,E L S a e,0.10053874325710385
dp_fedavg_v1_natural_s123,natural,123,client_00,7,15559,11,N,0.39089915804357606,R,0.21967992801593933,E L a e,0.13747000600299333
dp_fedavg_v1_natural_s123,natural,123,client_01,7,16240,7,N,0.7774014778325123,L,0.15338669950738917,/ E J R S e f j,0.11684022244438291
dp_fedavg_v1_natural_s123,natural,123,client_02,7,17991,9,N,0.764771274526152,R,0.12350619754321605,/ L Q S e f,0.07612524134046049
dp_fedavg_v1_natural_s123,natural,123,client_03,6,12688,8,N,0.7924810844892812,L,0.1148329129886507,/ J Q S a e f,0.08229369310984491
dp_fedavg_v1_natural_s123,natural,123,client_04,6,15072,10,N,0.7277070063694268,V,0.13289543524416136,/ E L S f,0.07034651563957217
dp_fedavg_v1_natural_s2024,natural,2024,client_00,7,14025,10,N,0.4800713012477718,R,0.2675222816399287,E L S a e,0.13198169250002728
dp_fedavg_v1_natural_s2024,natural,2024,client_01,7,17021,13,N,0.7145291110980554,/,0.11914693613771224,S e,0.06359172767800442
dp_fedavg_v1_natural_s2024,natural,2024,client_02,7,18076,9,N,0.6126355388360256,L,0.13780703695507857,/ J Q S f j,0.05841691850469962
dp_fedavg_v1_natural_s2024,natural,2024,client_03,6,14416,8,N,0.8585599334073252,V,0.07921753607103219,/ E L R a e f,0.11384062836243693
dp_fedavg_v1_natural_s2024,natural,2024,client_04,6,14012,6,N,0.795246931201827,R,0.0894233514130745,/ E J L Q S e f j,0.07242462499423527
