true_label,/,A,E,F,J,L,N,Q,R,S,V,a,e,f,j
/,0,0,0,0,0,0,2078,0,0,0,0,0,0,0,0
A,0,0,0,0,0,0,50,0,0,0,0,0,0,0,0
E,0,0,0,0,0,0,0,0,0,0,0,0,0,0,0
F,0,0,0,0,0,0,13,0,0,0,0,0,0,0,0
J,0,0,0,0,0,0,0,0,0,0,0,0,0,0,0
L,0,0,0,0,0,0,1999,0,0,0,2,0,0,0,0
N,0,0,0,0,0,0,10194,0,3,0,0,0,0,0,0
Q,0,0,0,0,0,0,2,0,1,0,1,0,0,0,0
R,0,0,0,0,0,0,0,0,0,0,0,0,0,0,0
S,0,0,0,0,0,0,0,0,0,0,0,0,0,0,0
V,0,0,0,0,0,0,577,0,37,0,596,0,0,0,0
a,0,0,0,0,0,0,6,0,0,0,0,0,0,0,0
e,0,0,0,0,0,0,0,0,0,0,0,0,0,0,0
f,0,0,0,0,0,0,0,0,0,0,0,0,0,0,0
j,0,0,0,0,0,0,0,0,0,0,0,0,0,0,0
