metric,centralized_cnn_v1,ablation_clip_norm_random_noise_s123,delta_fedavg_minus_central,verdict
accuracy,0.7688154765730445,0.6816633459733916,-0.08715213059965288,degrades
macro_precision,0.15104195968303255,0.11175234936428965,-0.039289610318742896,degrades
macro_recall_all_15_labels_zero_for_no_support,0.14306930841602053,0.08929821902460915,-0.053771089391411384,degrades
macro_sensitivity_supported_classes,0.2682549532800385,0.16743416067114214,-0.10082079260889637,degrades
macro_f1,0.13985305799635317,0.08759441101502471,-0.052258646981328455,degrades
weighted_precision,0.707759652320602,0.5209898192052783,-0.1867698331153237,degrades
weighted_recall,0.7688154765730445,0.6816633459733916,-0.08715213059965288,degrades
weighted_f1,0.7208006330151878,0.5682078467890699,-0.15259278622611794,degrades
macro_specificity_all_classes,0.9663900450965924,0.939013334211063,-0.0273767108855294,degrades
weighted_specificity,0.7270351998758416,0.4035366671925533,-0.3234985326832883,degrades
macro_auroc_ovr_defined_classes,0.6237736896009698,0.6433105186385291,0.019536829037559267,improves
weighted_auroc_ovr_defined_classes,0.9003963081409875,0.7633130077366892,-0.13708330040429828,degrades
micro_auroc_ovr_flattened,0.9624181164636079,0.9316620050785795,-0.030756111385028317,degrades
