metric,centralized_cnn_v1,ablation_clip_only_random_noise_s123,delta_fedavg_minus_central,verdict
accuracy,0.7688154765730445,0.6947104569702423,-0.07410501960280225,degrades
macro_precision,0.15104195968303255,0.07487894562110546,-0.07616301406192709,degrades
macro_recall_all_15_labels_zero_for_no_support,0.14306930841602053,0.10587279086837781,-0.03719651754764272,degrades
macro_sensitivity_supported_classes,0.2682549532800385,0.19851148287820838,-0.06974347040183013,degrades
macro_f1,0.13985305799635317,0.08752907614176049,-0.05232398185459268,degrades
weighted_precision,0.707759652320602,0.5206938683092429,-0.1870657840113591,degrades
weighted_recall,0.7688154765730445,0.6947104569702423,-0.07410501960280225,degrades
weighted_f1,0.7208006330151878,0.5949214817943879,-0.12587915122079996,degrades
macro_specificity_all_classes,0.9663900450965924,0.9518527163757603,-0.014537328720832132,degrades
weighted_specificity,0.7270351998758416,0.5830802886661609,-0.14395491120968074,degrades
macro_auroc_ovr_defined_classes,0.6237736896009698,0.6793572562909977,0.05558356669002795,improves
weighted_auroc_ovr_defined_classes,0.9003963081409875,0.8288578596293616,-0.07153844851162583,degrades
micro_auroc_ovr_flattened,0.9624181164636079,0.9325008668960938,-0.02991724956751407,degrades
