metric,centralized_cnn_v1,ablation_clip_only_scaled_s123,delta_fedavg_minus_central,verdict
accuracy,0.7688154765730445,0.6553763095314609,-0.11343916704158363,degrades
macro_precision,0.15104195968303255,0.043691753968764055,-0.1073502057142685,degrades
macro_recall_all_15_labels_zero_for_no_support,0.14306930841602053,0.06666666666666667,-0.07640264174935386,degrades
macro_sensitivity_supported_classes,0.2682549532800385,0.125,-0.1432549532800385,degrades
macro_f1,0.13985305799635317,0.052787699953408915,-0.08706535804294425,degrades
weighted_precision,0.707759652320602,0.4295181070950772,-0.2782415452255248,degrades
weighted_recall,0.7688154765730445,0.6553763095314609,-0.11343916704158363,degrades
weighted_f1,0.7208006330151878,0.518937119761788,-0.2018635132533998,degrades
macro_specificity_all_classes,0.9663900450965924,0.9333333333333333,-0.03305671176325908,degrades
weighted_specificity,0.7270351998758416,0.34462369046853913,-0.3824115094073025,degrades
macro_auroc_ovr_defined_classes,0.6237736896009698,0.5558000507085792,-0.06797363889239061,degrades
weighted_auroc_ovr_defined_classes,0.9003963081409875,0.4618728004400639,-0.4385235077009236,degrades
micro_auroc_ovr_flattened,0.9624181164636079,0.883531065418744,-0.07888705104486382,degrades
