metric,centralized_cnn_v1,ablation_clip_cos_norm_clean_s123,delta_fedavg_minus_central,verdict
accuracy,0.7688154765730445,0.6832058615592261,-0.08560961501381836,degrades
macro_precision,0.15104195968303255,0.11108815533011604,-0.03995380435291651,degrades
macro_recall_all_15_labels_zero_for_no_support,0.14306930841602053,0.0906205330741959,-0.05244877534182463,degrades
macro_sensitivity_supported_classes,0.2682549532800385,0.16991349951411733,-0.09834145376592118,degrades
macro_f1,0.13985305799635317,0.08892054200846637,-0.0509325159878868,degrades
weighted_precision,0.707759652320602,0.5197233050518348,-0.18803634726876717,degrades
weighted_recall,0.7688154765730445,0.6832058615592261,-0.08560961501381836,degrades
weighted_f1,0.7208006330151878,0.5694047099767972,-0.15139592303839067,degrades
macro_specificity_all_classes,0.9663900450965924,0.9389599035899356,-0.02743014150665679,degrades
weighted_specificity,0.7270351998758416,0.40119269228980925,-0.3258425075860324,degrades
macro_auroc_ovr_defined_classes,0.6237736896009698,0.6677355053736873,0.043961815772717516,improves
weighted_auroc_ovr_defined_classes,0.9003963081409875,0.7459064461540925,-0.15448986198689496,degrades
micro_auroc_ovr_flattened,0.9624181164636079,0.9345174478835111,-0.027900668580096766,degrades
