partition,metric,n_runs,mean,std_sample,min,max
natural,selected_round,3,7.333333333333333,8.386497083606084,2.0,17.0
natural,best_validation_loss,3,1.263758763998089,0.07979720861034156,1.1894060435495453,1.3480663158413715
natural,val_accuracy,3,0.6766558620267874,0.044862841158914174,0.626322549079567,0.7124334903064032
natural,val_macro_f1,3,0.0747932564260237,0.020636715627518367,0.05167160165347947,0.09134566095038779
natural,val_weighted_f1,3,0.5965722164698612,0.05459627511360103,0.5346983604708432,0.6379720653875266
natural,test_accuracy,3,0.6567260106690661,0.0762348925643135,0.5689954367247252,0.7068577672086895
natural,test_macro_precision,3,0.10800463196739389,0.03041326114018454,0.07590946606641172,0.13639691813515117
natural,test_macro_recall,3,0.10769877421752329,0.009023756187718892,0.10015221351496727,0.11769421190427369
natural,test_macro_f1,3,0.08506827146031977,0.013432556903681862,0.07174806855557345,0.09861043153660351
natural,test_weighted_precision,3,0.6327413545123138,0.10571947732933686,0.5252603559318096,0.7366065392867803
natural,test_weighted_recall,3,0.6567260106690661,0.0762348925643135,0.5689954367247252,0.7068577672086895
natural,test_weighted_f1,3,0.6021079801642847,0.04889539455135091,0.5647537486600275,0.6574491880213196
natural,test_macro_auroc,3,0.6473892504508035,0.025385002467296965,0.6225864596896373,0.6733189320535224
natural,n_predicted_classes,3,3.3333333333333335,1.5275252316519465,2.0,5.0
controlled,selected_round,3,12.333333333333334,9.29157324317757,2.0,20.0
controlled,best_validation_loss,3,1.330280368034962,0.09486663556843744,1.2491784524162293,1.43460073862431
controlled,val_accuracy,3,0.6720078282673843,0.026797473784421225,0.641428658797627,0.6913950217112104
controlled,val_macro_f1,3,0.08860419572039947,0.00745366881235165,0.08353232074916338,0.09716211311061164
controlled,val_weighted_f1,3,0.6068712001038126,0.028583617279620454,0.57402538674632,0.6261025913296746
controlled,test_accuracy,3,0.6600467039441267,0.03581930710812678,0.6364804936049875,0.7012661482100392
controlled,test_macro_precision,3,0.07282240490950771,0.0023492686321869797,0.07092113374371438,0.07544873111771976
controlled,test_macro_recall,3,0.112997207536778,0.005970900682468822,0.10610262673810776,0.11645938645056032
controlled,test_macro_f1,3,0.08162600020537118,0.0031045676638840336,0.07940753382700572,0.08517391040795295
controlled,test_weighted_precision,3,0.5845867589409369,0.055945672402589096,0.5301166893815097,0.6418996410874617
controlled,test_weighted_recall,3,0.6600467039441267,0.03581930710812678,0.6364804936049875,0.7012661482100392
controlled,test_weighted_f1,3,0.6059865849050194,0.015466586100873076,0.5924497238056416,0.6228436392110903
controlled,test_macro_auroc,3,0.6438564059362518,0.04926556857782945,0.599879988013807,0.697096050821759
controlled,n_predicted_classes,3,3.0,0.0,3.0,3.0
