run_id,partition,seed,label,precision,recall,sensitivity,specificity,f1_score,support,auroc_ovr,auroc_defined
fedavg_v1_natural_s42,natural,42,/,0.0,0.0,0.0,1.0,0.0,2078,0.9952411189483592,True
fedavg_v1_natural_s42,natural,42,A,0.0,0.0,0.0,1.0,0.0,50,0.767827712940873,True
fedavg_v1_natural_s42,natural,42,E,0.0,0.0,,1.0,0.0,0,,False
fedavg_v1_natural_s42,natural,42,F,0.0,0.0,0.0,1.0,0.0,13,0.4350958445902483,True
fedavg_v1_natural_s42,natural,42,J,0.0,0.0,,1.0,0.0,0,,False
fedavg_v1_natural_s42,natural,42,L,0.0,0.0,0.0,1.0,0.0,2001,0.9912794377261878,True
fedavg_v1_natural_s42,natural,42,N,0.9484059611394076,0.9860743355888988,0.9860743355888988,0.8979858261842596,0.9668734073753544,10197,0.9746953680893704,True
fedavg_v1_natural_s42,natural,42,Q,0.0,0.0,0.0,1.0,0.0,4,0.1409675345548055,True
fedavg_v1_natural_s42,natural,42,R,0.0,0.0,,1.0,0.0,0,,False
fedavg_v1_natural_s42,natural,42,S,0.0,0.0,,1.0,0.0,0,,False
fedavg_v1_natural_s42,natural,42,V,0.1902360298567682,0.7793388429752066,0.7793388429752066,0.7202592515157851,0.3058213069563807,1210,0.8539106304525498,True
fedavg_v1_natural_s42,natural,42,a,0.0,0.0,0.0,1.0,0.0,6,0.2275338091257849,True
fedavg_v1_natural_s42,natural,42,e,0.0,0.0,,1.0,0.0,0,,False
fedavg_v1_natural_s42,natural,42,f,0.0,0.0,,1.0,0.0,0,,False
fedavg_v1_natural_s42,natural,42,j,0.0,0.0,,1.0,0.0,0,,False
fedavg_v1_natural_s123,natural,123,/,0.0,0.0,0.0,1.0,0.0,2078,0.8795406917474629,True
fedavg_v1_natural_s123,natural,123,A,0.0,0.0,0.0,1.0,0.0,50,0.6592269005093816,True
fedavg_v1_natural_s123,natural,123,E,0.0,0.0,,1.0,0.0,0,,False
fedavg_v1_natural_s123,natural,123,F,0.0,0.0,0.0,1.0,0.0,13,0.5446565527615316,True
fedavg_v1_natural_s123,natural,123,J,0.0,0.0,,1.0,0.0,0,,False
fedavg_v1_natural_s123,natural,123,L,0.0,0.0,0.0,1.0,0.0,2001,0.930625298060514,True
fedavg_v1_natural_s123,natural,123,N,0.6837692823608317,0.9998038638815336,0.9998038638815336,0.1206639313688922,0.8121241088142749,10197,0.6850926710238733,True
fedavg_v1_natural_s123,natural,123,Q,0.0,0.0,0.0,1.0,0.0,4,0.4619254259080682,True
fedavg_v1_natural_s123,natural,123,R,0.0,0.0,,0.9976862266212482,0.0,0,,False
fedavg_v1_natural_s123,natural,123,S,0.0,0.0,,1.0,0.0,0,,False
fedavg_v1_natural_s123,natural,123,V,0.9918433931484504,0.5024793388429752,0.5024793388429752,0.9996515436615792,0.6670323642347779,1210,0.8350348945905177,True
fedavg_v1_natural_s123,natural,123,a,0.0,0.0,0.0,1.0,0.0,6,0.173996442272659,True
fedavg_v1_natural_s123,natural,123,e,0.0,0.0,,1.0,0.0,0,,False
fedavg_v1_natural_s123,natural,123,f,0.0,0.0,,1.0,0.0,0,,False
fedavg_v1_natural_s123,natural,123,j,0.0,0.0,,1.0,0.0,0,,False
fedavg_v1_natural_s2024,natural,2024,/,1.0,0.0004812319538017,0.0004812319538017,1.0,0.0009620009620009,2078,0.6788993085409694,True
fedavg_v1_natural_s2024,natural,2024,A,0.0,0.0,0.0,1.0,0.0,50,0.4360184409052808,True
fedavg_v1_natural_s2024,natural,2024,E,0.0,0.0,,1.0,0.0,0,,False
fedavg_v1_natural_s2024,natural,2024,F,0.0,0.0,0.0,1.0,0.0,13,0.5507575532662372,True
fedavg_v1_natural_s2024,natural,2024,J,0.0,0.0,,1.0,0.0,0,,False
fedavg_v1_natural_s2024,natural,2024,L,0.0,0.0,0.0,0.9998524856173476,0.0,2001,0.9184348303794704,True
fedavg_v1_natural_s2024,natural,2024,N,0.9032221075564728,0.7724821025791899,0.7724821025791899,0.8425960462513987,0.8327518765197167,10197,0.9052307549481116,True
fedavg_v1_natural_s2024,natural,2024,Q,0.0,0.0,0.0,1.0,0.0,4,0.2360173577627772,True
fedavg_v1_natural_s2024,natural,2024,R,0.0,0.0,,0.9997429140690276,0.0,0,,False
fedavg_v1_natural_s2024,natural,2024,S,0.0,0.0,,1.0,0.0,0,,False
fedavg_v1_natural_s2024,natural,2024,V,0.1427316644707949,0.8057851239669421,0.8057851239669421,0.5918879364415639,0.2425071508518841,1210,0.7849740155244497,True
fedavg_v1_natural_s2024,natural,2024,a,0.0,0.0,0.0,1.0,0.0,6,0.4703594161898026,True
fedavg_v1_natural_s2024,natural,2024,e,0.0,0.0,,1.0,0.0,0,,False
fedavg_v1_natural_s2024,natural,2024,f,0.0,0.0,,1.0,0.0,0,,False
fedavg_v1_natural_s2024,natural,2024,j,0.0,0.0,,1.0,0.0,0,,False
fedavg_v1_controlled_s42,controlled,42,/,0.0,0.0,0.0,1.0,0.0,2078,0.9699709261792826,True
fedavg_v1_controlled_s42,controlled,42,A,0.0,0.0,0.0,1.0,0.0,50,0.7764446450448127,True
fedavg_v1_controlled_s42,controlled,42,E,0.0,0.0,,1.0,0.0,0,,False
fedavg_v1_controlled_s42,controlled,42,F,0.0,0.0,0.0,1.0,0.0,13,0.4219932903838732,True
fedavg_v1_controlled_s42,controlled,42,J,0.0,0.0,,1.0,0.0,0,,False
fedavg_v1_controlled_s42,controlled,42,L,0.0,0.0,0.0,1.0,0.0,2001,0.8890339090670036,True
fedavg_v1_controlled_s42,controlled,42,N,0.958932018014154,0.8770226537216829,0.8770226537216829,0.9285714285714286,0.916150181836808,10197,0.9598161189139416,True
fedavg_v1_controlled_s42,controlled,42,Q,0.0,0.0,0.0,1.0,0.0,4,0.1674863387978142,True
fedavg_v1_controlled_s42,controlled,42,R,0.0,0.0,,0.9906806350022496,0.0,0,,False
fedavg_v1_controlled_s42,controlled,42,S,0.0,0.0,,1.0,0.0,0,,False
fedavg_v1_controlled_s42,controlled,42,V,0.1727989487516426,0.8694214876033057,0.8694214876033057,0.6490347759425744,0.2882981638805152,1210,0.9155341835667988,True
fedavg_v1_controlled_s42,controlled,42,a,0.0,0.0,0.0,1.0,0.0,6,0.4764889946205448,True
fedavg_v1_controlled_s42,controlled,42,e,0.0,0.0,,1.0,0.0,0,,False
fedavg_v1_controlled_s42,controlled,42,f,0.0,0.0,,1.0,0.0,0,,False
fedavg_v1_controlled_s42,controlled,42,j,0.0,0.0,,1.0,0.0,0,,False
fedavg_v1_controlled_s123,controlled,123,/,0.0,0.0,0.0,1.0,0.0,2078,0.9735496627021284,True
fedavg_v1_controlled_s123,controlled,123,A,0.0,0.0,0.0,1.0,0.0,50,0.8205235669611194,True
fedavg_v1_controlled_s123,controlled,123,E,0.0,0.0,,1.0,0.0,0,,False
fedavg_v1_controlled_s123,controlled,123,F,0.0,0.0,0.0,1.0,0.0,13,0.5488277964156003,True
fedavg_v1_controlled_s123,controlled,123,J,0.0,0.0,,1.0,0.0,0,,False
fedavg_v1_controlled_s123,controlled,123,L,0.0,0.0,0.0,1.0,0.0,2001,0.5281871713501561,True
fedavg_v1_controlled_s123,controlled,123,N,0.772172990986897,0.9998038638815336,0.9998038638815336,0.4390152928011935,0.8713675213675214,10197,0.8945784640859294,True
fedavg_v1_controlled_s123,controlled,123,Q,0.0,0.0,0.0,1.0,0.0,4,0.1119575699132111,True
fedavg_v1_controlled_s123,controlled,123,R,0.0,0.0,,0.9973648692075326,0.0,0,,False
fedavg_v1_controlled_s123,controlled,123,S,0.0,0.0,,1.0,0.0,0,,False
fedavg_v1_controlled_s123,controlled,123,V,0.3092872570194384,0.5917355371900826,0.5917355371900826,0.8885636629730295,0.406241134751773,1210,0.8599377155893606,True
fedavg_v1_controlled_s123,controlled,123,a,0.0,0.0,0.0,1.0,0.0,6,0.0614779570929509,True
fedavg_v1_controlled_s123,controlled,123,e,0.0,0.0,,1.0,0.0,0,,False
fedavg_v1_controlled_s123,controlled,123,f,0.0,0.0,,1.0,0.0,0,,False
fedavg_v1_controlled_s123,controlled,123,j,0.0,0.0,,1.0,0.0,0,,False
fedavg_v1_controlled_s2024,controlled,2024,/,0.0,0.0,0.0,1.0,0.0,2078,0.8596583263837122,True
fedavg_v1_controlled_s2024,controlled,2024,A,0.0,0.0,0.0,1.0,0.0,50,0.7910026436262815,True
fedavg_v1_controlled_s2024,controlled,2024,E,0.0,0.0,,1.0,0.0,0,,False
fedavg_v1_controlled_s2024,controlled,2024,F,0.0,0.0,0.0,1.0,0.0,13,0.6786064186681708,True
fedavg_v1_controlled_s2024,controlled,2024,J,0.0,0.0,,1.0,0.0,0,,False
fedavg_v1_controlled_s2024,controlled,2024,L,0.0,0.0,0.0,1.0,0.0,2001,0.5630675958672087,True
fedavg_v1_controlled_s2024,controlled,2024,N,0.8639296187683284,0.8667255075022066,0.8667255075022066,0.7403953748601269,0.8653253047437215,10197,0.8477051872955446,True
fedavg_v1_controlled_s2024,controlled,2024,Q,0.0,0.0,0.0,1.0,0.0,4,0.2014464802314368,True
fedavg_v1_controlled_s2024,controlled,2024,R,0.0,0.0,,0.9999357285172568,0.0,0,,False
fedavg_v1_controlled_s2024,controlled,2024,S,0.0,0.0,,1.0,0.0,0,,False
fedavg_v1_controlled_s2024,controlled,2024,V,0.1998873873873874,0.8801652892561983,0.8801652892561983,0.7029061258624294,0.3257877026613643,1210,0.906717662243863,True
fedavg_v1_controlled_s2024,controlled,2024,a,0.0,0.0,0.0,1.0,0.0,6,0.2285411174692985,True
fedavg_v1_controlled_s2024,controlled,2024,e,0.0,0.0,,1.0,0.0,0,,False
fedavg_v1_controlled_s2024,controlled,2024,f,0.0,0.0,,1.0,0.0,0,,False
fedavg_v1_controlled_s2024,controlled,2024,j,0.0,0.0,,1.0,0.0,0,,False
