metric,centralized_cnn_v1,fedavg_v1_controlled_s123,delta_fedavg_minus_central,verdict
accuracy,0.7688154765730445,0.7012661482100392,-0.06754932836300531,degrades
macro_precision,0.15104195968303255,0.07209734986708902,-0.07894460981594353,degrades
macro_recall_all_15_labels_zero_for_no_support,0.14306930841602053,0.10610262673810776,-0.03696668167791277,degrades
macro_sensitivity_supported_classes,0.2682549532800385,0.19894242513395205,-0.06931252814608646,degrades
macro_f1,0.13985305799635317,0.08517391040795295,-0.054679147588400215,degrades
weighted_precision,0.707759652320602,0.5301166893815097,-0.17764296293909232,degrades
weighted_recall,0.7688154765730445,0.7012661482100392,-0.06754932836300531,degrades
weighted_f1,0.7208006330151878,0.6026663916983265,-0.11813424131686134,degrades
macro_specificity_all_classes,0.9663900450965924,0.9549962549987837,-0.01139379009780872,degrades
weighted_specificity,0.7270351998758416,0.6236776767717165,-0.10335752310412516,degrades
macro_auroc_ovr_defined_classes,0.6237736896009698,0.599879988013807,-0.023893701587162752,degrades
weighted_auroc_ovr_defined_classes,0.9003963081409875,0.8542616878229773,-0.04613462031801019,degrades
micro_auroc_ovr_flattened,0.9624181164636079,0.9364741722057944,-0.025943944257813434,degrades
