round,attacker,attacker_weight,honest_update_norm,malicious_update_norm,cosine_malicious_vs_honest,global_state_finite
1,client_04,0.15392649903288202,9.352865371210225,9.352865371210225,-0.9999999999999983,True
2,client_04,0.15392649903288202,4.310337156843364,4.310337156843364,-1.0000000000000002,True
3,client_04,0.15392649903288202,3.1032957865411737,3.1032957865411737,-1.0000000000000038,True
4,client_04,0.15392649903288202,2.7721885882571717,2.7721885882571717,-1.0000000000000049,True
5,client_04,0.15392649903288202,3.0264699054683417,3.0264699054683417,-1.000000000000005,True
6,client_04,0.15392649903288202,2.886391853563227,2.886391853563227,-1.000000000000005,True
7,client_04,0.15392649903288202,2.960631326215018,2.960631326215018,-1.0000000000000047,True
8,client_04,0.15392649903288202,2.9131417269843936,2.9131417269843936,-1.0000000000000047,True
9,client_04,0.15392649903288202,2.938612014566393,2.938612014566393,-1.0000000000000042,True
10,client_04,0.15392649903288202,3.14021273059353,3.14021273059353,-1.0000000000000044,True
11,client_04,0.15392649903288202,3.1450975284293,3.1450975284293,-1.0000000000000042,True
12,client_04,0.15392649903288202,3.116301589971994,3.116301589971994,-1.000000000000004,True
13,client_04,0.15392649903288202,3.1811449115140875,3.1811449115140875,-1.0000000000000044,True
14,client_04,0.15392649903288202,3.35639859106759,3.35639859106759,-1.0000000000000036,True
15,client_04,0.15392649903288202,3.4648434927628564,3.4648434927628564,-1.0000000000000029,True
16,client_04,0.15392649903288202,3.3041290427257564,3.3041290427257564,-1.0000000000000033,True
17,client_04,0.15392649903288202,3.503723815840402,3.503723815840402,-1.0000000000000024,True
18,client_04,0.15392649903288202,3.5361461125314175,3.5361461125314175,-1.0000000000000038,True
19,client_04,0.15392649903288202,3.7217543694816477,3.7217543694816477,-1.000000000000003,True
20,client_04,0.15392649903288202,3.66830071824314,3.66830071824314,-1.000000000000002,True
