label,precision,recall,sensitivity,specificity,f1_score,support,auroc_ovr,auroc_defined
/,0.0,0.0,0.0,1.0,0.0,2078,0.8793226184587027,True
A,0.0,0.0,0.0,1.0,0.0,50,0.6592133599845251,True
E,0.0,0.0,,1.0,0.0,0,,False
F,0.0,0.0,0.0,1.0,0.0,13,0.5442804975803819,True
J,0.0,0.0,,1.0,0.0,0,,False
L,0.0,0.0,0.0,1.0,0.0,2001,0.9306923098415387,True
N,0.6837692823608317,0.9998038638815337,0.9998038638815337,0.12066393136889221,0.8121241088142749,10197,0.6850182512303225,True
Q,0.0,0.0,0.0,1.0,0.0,4,0.4627450980392157,True
R,0.0,0.0,,0.9976862266212482,0.0,0,,False
S,0.0,0.0,,1.0,0.0,0,,False
V,0.9918433931484503,0.5024793388429752,0.5024793388429752,0.9996515436615792,0.6670323642347779,1210,0.835031381229089,True
a,0.0,0.0,0.0,1.0,0.0,6,0.17416789901198054,True
e,0.0,0.0,,1.0,0.0,0,,False
f,0.0,0.0,,1.0,0.0,0,,False
j,0.0,0.0,,1.0,0.0,0,,False
