round,is_attacker,client_id,prior_weight,defended_weight,update_norm,norm_ratio_to_median,clip_factor,clipped,cosine_to_median,flag_low_cosine,flag_high_norm,flagged
1,False,client_00,0.2115538362346873,0.2500419124258912,3.2143568999755643,1.0,0.8098042877627524,True,0.6901550023006608,False,False,False
1,False,client_01,0.2411089619600258,0.28497401429594743,3.299014083587721,1.0263372071759673,0.7890236094928106,True,0.7428262679211795,False,False,False
1,False,client_02,0.21357833655705996,0.2524347309222258,3.1612312764086012,0.9834723942548611,0.8234133387915882,True,0.6952973691018124,False,False,False
1,False,client_03,0.17983236621534493,0.21254934235593556,2.814323823894068,0.8755480214146296,0.9249113331948889,True,0.7074771954672393,False,False,False
1,True,client_04,0.15392649903288202,0.0,9.248871827492213,2.87736306679651,0.28143973108834736,True,0.20026582865380407,False,True,True
2,False,client_00,0.2115538362346873,0.2115538362346873,2.614152158378556,1.0043797199986202,0.9957339291277242,True,0.6440445633857347,False,False,False
2,False,client_01,0.2411089619600258,0.2411089619600258,2.6027528297585967,1.0,1.0,False,0.678735843015716,False,False,False
2,False,client_02,0.21357833655705996,0.21357833655705996,2.552733886388218,0.9807822921952147,1.0,False,0.6574676700638653,False,False,False
2,False,client_03,0.17983236621534493,0.17983236621534493,2.3753050595106764,0.912612612443489,1.0,False,0.6609370892169882,False,False,False
2,True,client_04,0.15392649903288202,0.15392649903288202,3.161151418890921,1.214541535695541,0.8234341399923366,True,0.19519365411147263,False,False,False
3,False,client_00,0.2115538362346873,0.2115538362346873,2.2339699529930415,1.0162293173626824,1.0,False,0.6094256205443258,False,False,False
3,False,client_01,0.2411089619600258,0.2411089619600258,2.1982931557127663,1.0,1.0,False,0.6274552596634864,False,False,False
3,False,client_02,0.21357833655705996,0.21357833655705996,2.175261437493762,0.9895229086443038,1.0,False,0.5831428523545366,False,False,False
3,False,client_03,0.17983236621534493,0.17983236621534493,2.056685699759909,0.9355829973882883,1.0,False,0.6099009058421694,False,False,False
3,True,client_04,0.15392649903288202,0.15392649903288202,2.900943898677967,1.3196346861833248,0.8972941535292195,True,0.21909949479996216,False,False,False
4,False,client_00,0.2115538362346873,0.2115538362346873,1.9786975076295412,1.0,1.0,False,0.5964069580859562,False,False,False
4,False,client_01,0.2411089619600258,0.2411089619600258,1.9500943940488376,0.9855444738418001,1.0,False,0.5862192921701332,False,False,False
4,False,client_02,0.21357833655705996,0.21357833655705996,1.9801185744279024,1.0007181829425074,1.0,False,0.528571597573091,False,False,False
4,False,client_03,0.17983236621534493,0.17983236621534493,1.9037597600189993,0.9621277394237401,1.0,False,0.5906135137807446,False,False,False
4,True,client_04,0.15392649903288202,0.15392649903288202,2.5762940089132473,1.3020150876925198,1.0,False,0.23156102940467904,False,False,False
5,False,client_00,0.2115538362346873,0.2115538362346873,1.7449055325137046,0.9752912882044188,1.0,False,0.5759836337554877,False,False,False
5,False,client_01,0.2411089619600258,0.2411089619600258,1.76853983254907,0.9885013597514413,1.0,False,0.5460832321601709,False,False,False
5,False,client_02,0.21357833655705996,0.21357833655705996,1.8606918259617096,1.0400084669795011,1.0,False,0.48540950281016654,False,False,False
5,False,client_03,0.17983236621534493,0.17983236621534493,1.7891121899860305,1.0,1.0,False,0.5718091289295856,False,False,False
5,True,client_04,0.15392649903288202,0.15392649903288202,2.466059100631652,1.3783702969744491,1.0,False,0.2556771656081851,False,False,False
6,False,client_00,0.2115538362346873,0.2115538362346873,1.6548376867241474,0.9764086408914605,1.0,False,0.5520910678961983,False,False,False
6,False,client_01,0.2411089619600258,0.2411089619600258,1.6347844507087508,0.9645765723566732,1.0,False,0.536644839309593,False,False,False
6,False,client_02,0.21357833655705996,0.21357833655705996,1.76530846888594,1.0415900342898288,1.0,False,0.4456803583265825,False,False,False
6,False,client_03,0.17983236621534493,0.17983236621534493,1.6948208131518394,1.0,1.0,False,0.5944800553415035,False,False,False
6,True,client_04,0.15392649903288202,0.15392649903288202,2.3941190998500788,1.4126089798235142,1.0,False,0.2517890857883205,False,False,False
7,False,client_00,0.2115538362346873,0.2115538362346873,1.5757831822397352,0.9762528240082896,1.0,False,0.5452034539767465,False,False,False
7,False,client_01,0.2411089619600258,0.2411089619600258,1.5570527691861584,0.9646486776736359,1.0,False,0.5254618319878457,False,False,False
7,False,client_02,0.21357833655705996,0.21357833655705996,1.7439754174210396,1.0804537993852652,1.0,False,0.4722492559993858,False,False,False
7,False,client_03,0.17983236621534493,0.17983236621534493,1.6141138273689182,1.0,1.0,False,0.5713473356549658,False,False,False
7,True,client_04,0.15392649903288202,0.15392649903288202,2.4107639712322975,1.4935526419236225,1.0,False,0.2396040527046541,False,False,False
8,False,client_00,0.2115538362346873,0.2115538362346873,1.527294024005776,0.9628151350955793,1.0,False,0.5156556514723002,False,False,False
8,False,client_01,0.2411089619600258,0.2411089619600258,1.4212932317882496,0.8959916122669651,1.0,False,0.5089960163668201,False,False,False
8,False,client_02,0.21357833655705996,0.21357833655705996,1.6500132087684627,1.0401780309093187,1.0,False,0.4205147431376924,False,False,False
8,False,client_03,0.17983236621534493,0.17983236621534493,1.5862796172747746,1.0,1.0,False,0.540862539131486,False,False,False
8,True,client_04,0.15392649903288202,0.15392649903288202,2.3207754515284282,1.4630304936499885,1.0,False,0.22605705598435272,False,False,False
9,False,client_00,0.2115538362346873,0.2115538362346873,1.4298978824293076,0.9049294577494088,1.0,False,0.5028793746817748,False,False,False
9,False,client_01,0.2411089619600258,0.2411089619600258,1.4853582241656356,0.9400282557760108,1.0,False,0.5314349446285664,False,False,False
9,False,client_02,0.21357833655705996,0.21357833655705996,1.6028819378110704,1.0144046652865815,1.0,False,0.39573115169746476,False,False,False
9,False,client_03,0.17983236621534493,0.17983236621534493,1.580120826197341,1.0,1.0,False,0.5871466047062848,False,False,False
9,True,client_04,0.15392649903288202,0.15392649903288202,2.310564328172634,1.4622706630183153,1.0,False,0.2235474007494667,False,False,False
10,False,client_00,0.2115538362346873,0.2115538362346873,1.439551008434543,0.9085038463525492,1.0,False,0.4997600358423244,False,False,False
10,False,client_01,0.2411089619600258,0.2411089619600258,1.393333120201301,0.8793356341918325,1.0,False,0.523863963324879,False,False,False
10,False,client_02,0.21357833655705996,0.21357833655705996,1.5926133267104299,1.0051018161851717,1.0,False,0.39904710545283334,False,False,False
10,False,client_03,0.17983236621534493,0.17983236621534493,1.5845293492306454,1.0,1.0,False,0.5396947752822977,False,False,False
10,True,client_04,0.15392649903288202,0.15392649903288202,2.306058311662794,1.455358534559477,1.0,False,0.2602650810777632,False,False,False
11,False,client_00,0.2115538362346873,0.2115538362346873,1.3899961624198551,0.8911201361590653,1.0,False,0.5210374847456581,False,False,False
11,False,client_01,0.2411089619600258,0.2411089619600258,1.4864714208925665,0.9529699799144005,1.0,False,0.556515176051362,False,False,False
11,False,client_02,0.21357833655705996,0.21357833655705996,1.5598302698119486,1.0,1.0,False,0.36304076814629904,False,False,False
11,False,client_03,0.17983236621534493,0.17983236621534493,1.60752160038105,1.0305746923188321,1.0,False,0.6121304752671157,False,False,False
11,True,client_04,0.15392649903288202,0.15392649903288202,2.3207472399524116,1.4878203640914074,1.0,False,0.22541203358611311,False,False,False
12,False,client_00,0.2115538362346873,0.2115538362346873,1.3934219737830273,0.8986260009826443,1.0,False,0.4675220083420968,False,False,False
12,False,client_01,0.2411089619600258,0.2411089619600258,1.377038924431103,0.8880604763963976,1.0,False,0.5604242839086938,False,False,False
12,False,client_02,0.21357833655705996,0.21357833655705996,1.5506139064074769,1.0,1.0,False,0.4116335626453202,False,False,False
12,False,client_03,0.17983236621534493,0.17983236621534493,1.5993328512315146,1.0314191331721716,1.0,False,0.5780519634066692,False,False,False
12,True,client_04,0.15392649903288202,0.15392649903288202,2.3011719866432414,1.4840393067121957,1.0,False,0.23428414158258254,False,False,False
13,False,client_00,0.2115538362346873,0.2115538362346873,1.3868968573092504,0.9036223779626874,1.0,False,0.5106400517376418,False,False,False
13,False,client_01,0.2411089619600258,0.2411089619600258,1.4032297524021693,0.9142639548219157,1.0,False,0.4987132873052261,False,False,False
13,False,client_02,0.21357833655705996,0.21357833655705996,1.5348190694836006,1.0,1.0,False,0.3457286110560468,False,False,False
13,False,client_03,0.17983236621534493,0.17983236621534493,1.610530347761827,1.0493291227504098,1.0,False,0.6217582589481468,False,False,False
13,True,client_04,0.15392649903288202,0.15392649903288202,2.3018059886513687,1.4997246479520387,1.0,False,0.2522999009569294,False,False,False
14,False,client_00,0.2115538362346873,0.2115538362346873,1.3605958830742597,0.8812258423348764,1.0,False,0.5319449099821375,False,False,False
14,False,client_01,0.2411089619600258,0.2411089619600258,1.398283414364147,0.9056351668959741,1.0,False,0.5288375176727339,False,False,False
14,False,client_02,0.21357833655705996,0.21357833655705996,1.543980915799354,1.0,1.0,False,0.31345699788420406,False,False,False
14,False,client_03,0.17983236621534493,0.17983236621534493,1.6545382290464712,1.0716053625506627,1.0,False,0.6690895635840737,False,False,False
14,True,client_04,0.15392649903288202,0.15392649903288202,2.307323997370162,1.4943992984366699,1.0,False,0.20257828969520808,False,False,False
15,False,client_00,0.2115538362346873,0.2115538362346873,1.4153162458921853,0.9068669344905853,1.0,False,0.549736569192271,False,False,False
15,False,client_01,0.2411089619600258,0.2411089619600258,1.3936684800982126,0.8929960819082533,1.0,False,0.49233663482178225,False,False,False
15,False,client_02,0.21357833655705996,0.21357833655705996,1.567853813889532,1.0046057098956551,1.0,False,0.37147888329640066,False,False,False
15,False,client_03,0.17983236621534493,0.17983236621534493,1.560665839787412,1.0,1.0,False,0.6365842083105686,False,False,False
15,True,client_04,0.15392649903288202,0.15392649903288202,2.2989549831020857,1.4730603595547658,1.0,False,0.24087479560953692,False,False,False
16,False,client_00,0.2115538362346873,0.2115538362346873,1.444725713428913,0.9440169734485585,1.0,False,0.6013425531026187,False,False,False
16,False,client_01,0.2411089619600258,0.2411089619600258,1.3100925435674668,0.8560445670900266,1.0,False,0.5237315008637672,False,False,False
16,False,client_02,0.21357833655705996,0.21357833655705996,1.5304022640093338,1.0,1.0,False,0.3720863414330725,False,False,False
16,False,client_03,0.17983236621534493,0.17983236621534493,1.6154323190335778,1.055560591501925,1.0,False,0.5748160400291555,False,False,False
16,True,client_04,0.15392649903288202,0.15392649903288202,2.2063885517690274,1.4417049710765266,1.0,False,0.2316665290476814,False,False,False
17,False,client_00,0.2115538362346873,0.2115538362346873,1.373763098607768,0.9200797578388502,1.0,False,0.5839046022373566,False,False,False
17,False,client_01,0.2411089619600258,0.2411089619600258,1.4037175143149128,0.9401417696791485,1.0,False,0.5443488921443065,False,False,False
17,False,client_02,0.21357833655705996,0.21357833655705996,1.4930913183380559,1.0,1.0,False,0.3749205058131711,False,False,False
17,False,client_03,0.17983236621534493,0.17983236621534493,1.5970754559007423,1.0696435216557485,1.0,False,0.6162198976084388,False,False,False
17,True,client_04,0.15392649903288202,0.15392649903288202,2.262654106513115,1.5154157543636724,1.0,False,0.22052528238793884,False,False,False
18,False,client_00,0.2115538362346873,0.2115538362346873,1.405422511801502,0.9129522622065331,1.0,False,0.6275723861455559,False,False,False
18,False,client_01,0.2411089619600258,0.2411089619600258,1.4109951521149784,0.916572208904363,1.0,False,0.5314103199328799,False,False,False
18,False,client_02,0.21357833655705996,0.21357833655705996,1.5394260685708883,1.0,1.0,False,0.3032069108909734,False,False,False
18,False,client_03,0.17983236621534493,0.17983236621534493,1.565802010783168,1.017133620607559,1.0,False,0.6471905068618944,False,False,False
18,True,client_04,0.15392649903288202,0.15392649903288202,2.2871375026252303,1.485707920191629,1.0,False,0.2077836998903004,False,False,False
19,False,client_00,0.2115538362346873,0.2115538362346873,1.2782348152486471,0.8429884714581816,1.0,False,0.513800191686154,False,False,False
19,False,client_01,0.2411089619600258,0.2411089619600258,1.3087329967401902,0.86310184584848,1.0,False,0.4702894600570342,False,False,False
19,False,client_02,0.21357833655705996,0.21357833655705996,1.5163135185438381,1.0,1.0,False,0.33788803403972856,False,False,False
19,False,client_03,0.17983236621534493,0.17983236621534493,1.5449910166239815,1.0189126442054564,1.0,False,0.6223074255927614,False,False,False
19,True,client_04,0.15392649903288202,0.15392649903288202,2.2642358327975325,1.4932504426735882,1.0,False,0.24566025076568876,False,False,False
20,False,client_00,0.2115538362346873,0.2115538362346873,1.3220082883467388,0.8788593049039719,1.0,False,0.5529705624077056,False,False,False
20,False,client_01,0.2411089619600258,0.2411089619600258,1.319976377518537,0.8775085087298167,1.0,False,0.5095833738721404,False,False,False
20,False,client_02,0.21357833655705996,0.21357833655705996,1.5042319981935985,1.0,1.0,False,0.3440701089842318,False,False,False
20,False,client_03,0.17983236621534493,0.17983236621534493,1.5625269175168335,1.0387539418076734,1.0,False,0.6235877683855733,False,False,False
20,True,client_04,0.15392649903288202,0.15392649903288202,2.252794042718925,1.4976373627367716,1.0,False,0.22262391544824298,False,False,False
