round,participants,encrypt_seconds_all_clients,aggregate_seconds_server,decrypt_seconds,uplink_ciphertext_bytes_total,uplink_ciphertext_bytes_per_client_mean,downlink_ciphertext_bytes_per_client,aggregate_max_abs_error,aggregate_rms_error,aggregate_max_abs_value,state_max_abs_error_vs_plaintext_fedavg,dimension
1,5,0.08618340000066382,0.019275599999673432,0.00334619999921415,4969882,993976.4,705279,1.301936400910364e-07,1.2410344323286913e-08,0.9646562791025346,1.341104507446289e-07,10351
2,5,0.0914957000004506,0.021568599999227445,0.003328200000396464,4970240,994048.0,705214,3.382193558554292e-08,3.959126258080012e-09,0.2548905028426824,1.1920928955078125e-07,10351
3,5,0.081382800000938,0.018261499999425723,0.003243299999667215,4971922,994384.4,705160,2.268666077220871e-08,3.428869145418549e-09,0.17706092306293264,1.1920928955078125e-07,10351
4,5,0.1120785999992222,0.024820100001306855,0.004909399998723529,4971963,994392.6,705249,1.8572985408318865e-08,3.2331369590616723e-09,0.10112050711455305,1.1920928955078125e-07,10351
5,5,0.11036570000032953,0.024759100000665057,0.005064200000560959,4972018,994403.6,705260,1.7327827388224915e-08,3.119593172853701e-09,0.11062460903437996,1.1920928955078125e-07,10351
6,5,0.1008985999997094,0.023738300000331947,0.004095700000107172,4971221,994244.2,705394,1.5251537734128906e-08,3.0527213302433653e-09,0.06878395813432607,1.1920928955078125e-07,10351
7,5,0.07780119999915769,0.017683399999441463,0.0032052000005933223,4970444,994088.8,704989,1.896032288247959e-08,3.0830872077721236e-09,0.05073469913559218,1.1920928955078125e-07,10351
8,5,0.08629530000143859,0.018185299999458948,0.004445200000191107,4970763,994152.6,705165,1.917024830132459e-08,3.030200717540854e-09,0.07215982381256836,1.1920928955078125e-07,10351
9,5,0.07946179999999003,0.017798700000639656,0.00318890000016836,4970178,994035.6,705393,1.8650804426475348e-08,3.0253403147927558e-09,0.07545745203027718,5.960464477539063e-08,10351
10,5,0.08167610000054992,0.018098399999871617,0.003278199999840581,4970224,994044.8,705275,2.1408370957064216e-08,3.045625447700723e-09,0.05445950310895859,1.1920928955078125e-07,10351
11,5,0.08666710000034072,0.019343099998877733,0.0033998000017163577,4969617,993923.4,705337,2.0730411536364936e-08,3.049378280102711e-09,0.055617441697938454,1.1920928955078125e-07,10351
12,5,0.08357559999967634,0.022263500000917702,0.0034911999991891207,4971452,994290.4,705330,1.7953872688027117e-08,3.0531270188191936e-09,0.05245110234239653,1.1920928955078125e-07,10351
13,5,0.08236540000143577,0.01881189999949129,0.003959199999371776,4972506,994501.2,704991,1.9475943878466406e-08,3.020173359975796e-09,0.05993457517341058,1.1920928955078125e-07,10351
14,5,0.08689640000011423,0.019407399999181507,0.004480200001125922,4971456,994291.2,705325,1.7642051246095913e-08,3.024231867138976e-09,0.053501810346550514,5.960464477539063e-08,10351
15,5,0.08668330000000424,0.017996900000071037,0.0032511999997950625,4970604,994120.8,705264,1.8986861161432445e-08,2.987208138472296e-09,0.05358778653261663,5.960464477539063e-08,10351
16,5,0.0793188999996346,0.01788490000035381,0.0032460999991599238,4970705,994141.0,704935,1.9770559280961504e-08,3.0272151543102197e-09,0.052619296140166576,1.1920928955078125e-07,10351
17,5,0.08330470000146306,0.02061439999852155,0.004606899999998859,4970649,994129.8,704906,1.823927865533294e-08,3.0008805310138502e-09,0.04882651401211722,5.960464477539063e-08,10351
18,5,0.08637319999979809,0.021863399999347166,0.004565299999740091,4971847,994369.4,705376,2.1166860538629484e-08,2.9895870490871124e-09,0.06109766582071513,5.960464477539063e-08,10351
19,5,0.0832485999999335,0.02327780000086932,0.003431799999816576,4971983,994396.6,705447,1.979590410691734e-08,2.995961152275654e-09,0.04647021932574259,1.1920928955078125e-07,10351
20,5,0.08934140000019397,0.01877980000062962,0.0032821999993757345,4970013,994002.6,705273,2.1376576911369405e-08,2.947925997767207e-09,0.04226179025313072,1.1920928955078125e-07,10351
