condition,seed,run_id,attacker_client,selected_round,defended_accuracy,defended_macro_f1,defended_weighted_f1,defended_macro_recall,defended_macro_auroc,clean_accuracy,clean_macro_f1,clean_weighted_f1,clean_macro_recall,clean_macro_auroc,defended_n_predicted_classes,defended_majority_predicted_share,defended_predicted_counts,clean_n_predicted_classes,undefended_n_predicted_classes,undefended_selected_round,attack_detection_rate,attacker_mean_defended_weight,attacker_mean_prior_weight,honest_false_positive_rate,honest_clipped_rate,honest_cosine_min,honest_norm_ratio_max,fallback_rounds,bn_variance_entries_floored,nan_validation_rounds,rounds_with_negative_bn_running_var,final_validation_loss,final_validation_macro_f1,final_validation_accuracy,relative_deviation_final_round,defense_ms_per_round,defense_seconds_total,training_seconds,extra_communication_bytes,undefended_accuracy,undefended_macro_f1,undefended_weighted_f1,undefended_macro_recall,undefended_macro_auroc,undefended_final_validation_loss,undefended_final_validation_macro_f1,undefended_nan_validation_rounds
clean,42,defended_clean_s42,,3,0.701137605244553,0.08295266909484239,0.6455935604655808,0.11259639644458709,0.6512473353005369,0.7068577672086895,0.08484631428878235,0.6574491880213196,0.11769421190427369,0.6733189320535224,3,0.7054437945883412,"{""N"": 10976, ""R"": 13, ""V"": 4570}",2,,,,,,0.0,0.06,0.3280176908037563,1.152325480082247,0,0,0,0,1.6349134649620036,0.0749960356001497,0.5844902452449392,0.09933728325299601,3.9247900001100207,0.07849580000220041,110.70398560000103,0,,,,,,,,
clean,123,defended_clean_s123,,2,0.6589755125650749,0.059077771272515386,0.5279314821553506,0.06984918321193696,0.6780755608462673,0.6943248280737837,0.09861043153660351,0.5841210038115073,0.10015221351496727,0.646262359609251,3,0.9937013946911756,"{""N"": 15461, ""R"": 40, ""V"": 58}",3,,,,,,0.0,0.05,0.2030129983986678,1.2990119730254737,0,0,0,0,2.1026713678242053,0.068070471133385,0.5626567182435325,0.09236554791737242,3.7820049998117105,0.07564009999623421,108.77509690000079,0,,,,,,,,
clean,2024,defended_clean_s2024,,14,0.5157786490134327,0.06726314172922637,0.5337105011037974,0.10151054528812692,0.6319939072156429,0.5689954367247252,0.07174806855557345,0.5647537486600275,0.10524989723332892,0.6225864596896373,4,0.5102513014975255,"{""L"": 13, ""N"": 7604, ""R"": 3, ""V"": 7939}",5,,,,,,0.0,0.06,0.2617208733131948,1.1785058730531597,0,0,0,0,1.5031153438186202,0.0763650270140809,0.6360467249709498,0.06083301430347586,3.6950399997294343,0.07390079999458869,108.90892689999964,0,,,,,,,,
sign_flip,42,defended_sign_flip_s42,client_04,2,0.7010090622790668,0.09078874576961406,0.5919954452337493,0.10588224106317663,0.6515578556936771,0.7068577672086895,0.08484631428878235,0.6574491880213196,0.11769421190427369,0.6733189320535224,2,0.9018574458512758,"{""N"": 14032, ""V"": 1527}",2,2.0,3.0,1.0,0.0,0.15392649903288197,0.0,0.0625,0.2754728951716046,1.0931460568382398,0,0,0,0,3.224220337353601,0.0796448440966594,0.6611216439361507,0.18666357794843327,3.52109500017826,0.0704219000035652,109.37888789999852,0,0.7020374060029565,0.08211615702061563,0.6202198474588388,0.10690945940725287,0.6201755799053545,,0.0114905270217403,7.0
sign_flip,123,defended_sign_flip_s123,client_03,1,0.6553763095314609,0.052787699953408915,0.518937119761788,0.06666666666666667,0.646928604448202,0.6943248280737837,0.09861043153660351,0.5841210038115073,0.10015221351496727,0.646262359609251,1,1.0,"{""N"": 15559}",3,3.0,3.0,1.0,0.0,0.1636105738233398,0.0,0.05,0.2064382291774562,1.233046533336312,0,0,0,0,2.5666329068048643,0.071453757081552,0.5948260045257171,0.2081961594704807,3.7199199998212396,0.0743983999964248,108.47666570000001,0,0.6550549521177453,0.08233310014431854,0.5805270039775047,0.10125622212118239,0.6278237330374975,,0.0114905270217403,15.0
sign_flip,2024,defended_sign_flip_s2024,client_01,2,0.6617391863230285,0.06269146549625745,0.560126484180563,0.07246112195803282,0.570774230996521,0.5689954367247252,0.07174806855557345,0.5647537486600275,0.10524989723332892,0.6225864596896373,3,0.8981939713349187,"{""N"": 13975, ""R"": 614, ""V"": 970}",5,2.0,4.0,1.0,0.0,0.21948420373952277,0.0,0.0625,0.2458553028735943,1.1785058730531597,0,0,0,0,2.276465552745263,0.0924216810265312,0.7438077181823741,0.26585256744439695,3.6788750001505295,0.0735775000030106,108.17834260000018,0,0.6835914904556848,0.0823238213242213,0.5910754586376565,0.10474173925188929,0.5092004731232569,,0.0114905270217403,15.0
scaled,42,defended_scaled_s42,client_04,2,0.7010090622790668,0.09078874576961406,0.5919954452337493,0.10588224106317663,0.6515578556936771,0.7068577672086895,0.08484631428878235,0.6574491880213196,0.11769421190427369,0.6733189320535224,2,0.9018574458512758,"{""N"": 14032, ""V"": 1527}",2,1.0,0.0,1.0,0.0,0.15392649903288197,0.0,0.0625,0.3201720525667812,1.0931460568382398,0,0,0,0,3.224220337353601,0.0796448440966594,0.6611216439361507,0.18666357794843327,3.6372150001624846,0.07274430000324969,110.07046449999689,0,0.6553763095314609,0.052787699953408915,0.518937119761788,0.06666666666666667,0.42443139059821167,39.42102068652072,0.054608264423019,10.0
scaled,123,defended_scaled_s123,client_03,1,0.6553763095314609,0.052787699953408915,0.518937119761788,0.06666666666666667,0.646928604448202,0.6943248280737837,0.09861043153660351,0.5841210038115073,0.10015221351496727,0.646262359609251,1,1.0,"{""N"": 15559}",3,1.0,4.0,1.0,0.0,0.1636105738233398,0.0,0.05,0.2749510195050313,1.233046533336312,0,0,0,0,2.5666329068048643,0.071453757081552,0.5948260045257171,0.2081961594704807,3.735645000051539,0.07471290000103079,110.18410529999892,0,0.07776849411915933,0.009620927505118572,0.011223075661540079,0.06666666666666667,0.6690107942186313,,0.0114905270217403,17.0
scaled,2024,defended_scaled_s2024,client_01,2,0.6617391863230285,0.06269146549625745,0.560126484180563,0.07246112195803282,0.570774230996521,0.5689954367247252,0.07174806855557345,0.5647537486600275,0.10524989723332892,0.6225864596896373,3,0.8981939713349187,"{""N"": 13975, ""R"": 614, ""V"": 970}",5,1.0,2.0,1.0,0.0,0.21948420373952277,0.0,0.0625,0.4088960072905715,1.1785058730531597,0,0,0,0,2.276465552745263,0.0924216810265312,0.7438077181823741,0.26585256744439695,3.647384999567249,0.07294769999134498,109.48058999999921,0,0.6553763095314609,0.052787699953408915,0.518937119761788,0.06666666666666667,0.6557846873045998,685.6544254030716,0.0006330269645139,10.0
random_noise,42,defended_random_noise_s42,client_04,2,0.7026158493476444,0.08258659883343863,0.6184711793544188,0.10735676862773066,0.6458980442812823,0.7068577672086895,0.08484631428878235,0.6574491880213196,0.11769421190427369,0.6733189320535224,2,0.7940741692910855,"{""N"": 12355, ""V"": 3204}",2,2.0,3.0,0.05,0.14623017408123787,0.15392649903288197,0.0,0.0625,0.3032069108909734,1.0804537993852652,0,0,0,0,2.110929394998971,0.0792480542907095,0.6186777567121277,0.19809527767581775,3.4765449996484197,0.0695308999929684,108.27607309999803,0,0.705957966450286,0.08371067731505384,0.6488563333003375,0.11400934915498023,0.6542222596767446,2.013603217914836,0.0768355092549305,0.0
random_noise,123,defended_random_noise_s123,client_03,1,0.6553763095314609,0.052787699953408915,0.518937119761788,0.06666666666666667,0.646928604448202,0.6943248280737837,0.09861043153660351,0.5841210038115073,0.10015221351496727,0.646262359609251,1,1.0,"{""N"": 15559}",3,3.0,3.0,0.2,0.13088845905867183,0.1636105738233398,0.0,0.05,0.2544903322010538,1.257868066911446,0,0,0,0,3.3099627760191384,0.072844303548034,0.4515320163904348,0.21756314829307727,3.8025850002668,0.076051700005336,109.48357940000278,0,0.6616749148402854,0.09402103543291276,0.5718026941796286,0.09882187571507961,0.6513925450860543,1.7784969442284848,0.0861887646955316,0.0
random_noise,2024,defended_random_noise_s2024,client_01,3,0.7004306189343789,0.08963577438120869,0.5922713783864226,0.10558060748705055,0.5922148677051323,0.5689954367247252,0.07174806855557345,0.5647537486600275,0.10524989723332892,0.6225864596896373,2,0.8960730124043962,"{""N"": 13942, ""V"": 1617}",5,2.0,3.0,0.1,0.19753578336557048,0.21948420373952277,0.0,0.0625,0.3017064029532861,1.1785058730531597,0,0,0,0,2.628608561471277,0.0946695682676263,0.7462540517399547,0.26351663531238256,3.542760000345835,0.0708552000069167,109.55874890000268,0,0.7037727360370204,0.08636414274811187,0.6043396906950825,0.10854273835738973,0.5953801665176566,1.7337526062797477,0.092754075780621,0.0
