attack,metric,mean,std_sample,min,max,n_runs
sign_flip,test_accuracy,0.6802279495254622,0.02367113852270229,0.6550549521177453,0.7020374060029565,3
sign_flip,test_macro_f1,0.0822576928297185,0.00012266137562166635,0.08211615702061563,0.08233310014431854,3
sign_flip,test_weighted_f1,0.597274103358,0.02055961704860294,0.5805270039775047,0.6202198474588388,3
sign_flip,test_macro_recall,0.10430247359344151,0.0028521025037983897,0.10125622212118239,0.10690945940725287,3
sign_flip,test_macro_auroc,0.5857332620220363,0.06638956540038524,0.5092004731232569,0.6278237330374975,3
sign_flip,delta_accuracy,0.023501938856396065,0.08074834729093847,-0.03926987595603837,0.1145960537309596,3
sign_flip,delta_macro_f1,-0.002810578630601246,0.01342672271759522,-0.01627733139228496,0.01057575276864789,3
sign_flip,delta_weighted_f1,-0.004833876806284776,0.03179366253465766,-0.03722934056248073,0.02632170997762906,3
sign_flip,delta_macro_recall,-0.003396300624081717,0.006449161657583068,-0.010784752497020725,0.0011040086062151927,3
sign_flip,n_predicted_classes,2.3333333333333335,0.5773502691896258,2.0,3.0,3
sign_flip,majority_predicted_share,0.8053216787711293,0.022841347116914452,0.7875827495340317,0.8310945433511151,3
sign_flip,selected_round,3.3333333333333335,0.5773502691896258,3.0,4.0,3
sign_flip,non_finite_global_rounds,0.0,0.0,0.0,0.0,3
sign_flip,relative_deviation_final_round,0.40099109204701655,0.09320116295470443,0.34434175900342284,0.5085596641729441,3
scaled,test_accuracy,0.46284037106069364,0.33348202771432395,0.07776849411915933,0.6553763095314609,3
scaled,test_macro_f1,0.0383987758039788,0.02492234769306775,0.009620927505118572,0.052787699953408915,3
scaled,test_weighted_f1,0.3496991050617054,0.2931288400326317,0.011223075661540079,0.518937119761788,3
scaled,test_macro_recall,0.06666666666666667,0.0,0.06666666666666667,0.06666666666666667,3
scaled,test_macro_auroc,0.583075624040481,0.13754899883092303,0.42443139059821167,0.6690107942186313,3
scaled,delta_accuracy,-0.19388563960837246,0.37247737170997985,-0.6165563339546244,0.08638087280673568,3
scaled,delta_macro_f1,-0.04666949565634093,0.037230744579931176,-0.08898950403148492,-0.01896036860216449,3
scaled,delta_weighted_f1,-0.2524088751025794,0.2813948044332096,-0.5728979281499672,-0.04581662889823945,3
scaled,delta_macro_recall,-0.04103210755085657,0.009023756187718867,-0.05102754523760693,-0.03348554684830053,3
scaled,n_predicted_classes,1.0,0.0,1.0,1.0,3
scaled,majority_predicted_share,1.0,0.0,1.0,1.0,3
scaled,selected_round,2.0,2.0,0.0,4.0,3
scaled,non_finite_global_rounds,0.0,0.0,0.0,0.0,3
scaled,relative_deviation_final_round,132629.188731647,228724.49275147938,254.635703376173,396737.22430694225,3
random_noise,test_accuracy,0.6904685391091973,0.024959936035459256,0.6616749148402854,0.705957966450286,3
random_noise,test_macro_f1,0.08803195183202617,0.00535369605832411,0.08371067731505384,0.09402103543291276,3
random_noise,test_weighted_f1,0.6083329060583496,0.038681715992690734,0.5718026941796286,0.6488563333003375,3
random_noise,test_macro_recall,0.10712465440914987,0.007692402676349789,0.09882187571507961,0.11400934915498023,3
random_noise,test_macro_auroc,0.6336649904268185,0.03318580460803751,0.5953801665176566,0.6542222596767446,3
random_noise,delta_accuracy,0.03374252844013111,0.08892713930200564,-0.03264991323349831,0.1347772993122952,3
random_noise,delta_macro_f1,0.002963680371706426,0.010237959970070841,-0.004589396103690732,0.014616074192538464,3
random_noise,delta_weighted_f1,0.006224925894064759,0.028951473227503334,-0.012318309631878743,0.039585942035055055,3
random_noise,delta_macro_recall,-0.0005741198083733754,0.0035497869054455693,-0.0036848627492933606,0.003292841124060822,3
random_noise,n_predicted_classes,2.3333333333333335,0.5773502691896258,2.0,3.0,3
random_noise,majority_predicted_share,0.8161192878719712,0.0973498065216925,0.7071148531396619,0.8944019538530754,3
random_noise,selected_round,3.0,0.0,3.0,3.0,3
random_noise,non_finite_global_rounds,0.0,0.0,0.0,0.0,3
random_noise,relative_deviation_final_round,0.271678972290601,0.035831249344321206,0.24108185930174125,0.3110968351004109,3
