label,auroc,support,defined
macro_auroc_ovr_defined_classes_aggregate,0.5647809283344128,,True
weighted_auroc_ovr_defined_classes_aggregate,0.7627699864012601,,True
micro_auroc_ovr_flattened_aggregate,0.9686238477301699,,True
/,0.56915696914611,2078.0,True
A,0.5642336707718099,50.0,True
E,,0.0,False
F,0.6524804797672417,13.0,True
J,,0.0,False
L,0.8353206307305115,2001.0,True
N,0.7821222275517694,10197.0,True
Q,0.2786885245901639,4.0,True
R,,0.0,False
S,,0.0,False
V,0.8269326799632998,1210.0,True
a,0.009312244154396798,6.0,True
e,,0.0,False
f,,0.0,False
j,,0.0,False
