round,defense_seconds,accepted_clients,fallback_median,median_update_norm,bn_variance_entries_floored,aggregated_param_update_norm
1,0.0032890999973460566,4,False,3.0330041034421362,0,1.9490537408216262
2,0.0030517000013787765,4,False,2.941217217107847,0,1.837676888763269
3,0.0030432000021392014,4,False,2.9778727305544086,0,1.7589834941232896
4,0.0032272999997076113,4,False,3.2216937898260727,0,1.8114578642058734
5,0.003193900000042049,4,False,3.3052196112061125,0,1.7940660283845822
6,0.0030389999992621597,4,False,2.8465099339561224,1,1.7675754766758254
7,0.004112599999643862,4,False,3.0939759103622793,0,1.8882817253288737
8,0.0032634000017424114,4,False,3.2304416580303625,3,1.7633355081748066
9,0.0032084999984363094,4,False,3.077553925569142,0,1.576239521673073
10,0.004031799999211216,4,False,2.8463563536146266,14,1.6732522468582378
11,0.004042399999889312,4,False,2.7536606843675377,0,1.5882074457392057
12,0.004175300000497373,4,False,3.0098279105864494,39,1.552423656940571
13,0.0031692999982624315,4,False,2.9309060669684115,1,1.6380488677920508
14,0.0033618000015849248,4,False,3.1248762410747895,93,1.7149883964773946
15,0.004049099999974715,4,False,3.2248057737097873,1,1.608676643021246
16,0.0029901999987487216,4,False,3.1734643485329146,108,1.6226426612451217
17,0.004146700001001591,4,False,3.0018929124341263,1,1.6205618833605073
18,0.004522700000961777,4,False,3.264513670702745,110,1.6932553768572438
19,0.0030948999992688186,4,False,2.9353688557662316,1,1.740466922162484
20,0.004147299998294329,4,False,2.9934479529578404,110,1.7270433615898422
