label,test_support,central_precision,fedavg_precision,central_sensitivity,fedavg_sensitivity,central_specificity,fedavg_specificity,central_f1_score,fedavg_f1_score,central_auroc_ovr,fedavg_auroc_ovr,delta_f1,f1_verdict
/,2078,0.9971428571428572,0.0,0.5038498556304138,0.0,0.9997774645797788,1.0,0.6694373401534527,0.0,0.9977477659178686,0.5659335253787119,-0.6694373401534527,degrades
A,50,0.0,0.0,0.0,0.0,0.999935521310207,1.0,0.0,0.0,0.7594944870720226,0.7863163324521246,0.0,matches
E,0,0.0,0.0,,,1.0,1.0,0.0,0.0,,,0.0,not evaluable (no test support)
F,13,0.0,0.0,0.0,0.0,1.0,1.0,0.0,0.0,0.454774416372255,0.49815436075567304,0.0,matches
J,0,0.0,0.0,,,1.0,1.0,0.0,0.0,,,0.0,not evaluable (no test support)
L,2001,0.0,0.0,0.0,0.0,0.9757338840536952,1.0,0.0,0.0,0.6592952970335896,0.8698198474151329,0.0,matches
N,10197,0.823979176834228,0.7732999392835458,0.9934294400313818,0.9992154555261351,0.5964192465497948,0.44293174188735546,0.9008047663509848,0.8718606939631198,0.9332768939032724,0.7409353435932056,-0.028944072387865005,degrades
Q,4,0.0,0.0,0.0,0.0,1.0,1.0,0.0,0.0,0.1529090324654452,0.17296689167470267,0.0,matches
R,0,0.0,0.0,,,0.9923516935535704,1.0,0.0,0.0,,,0.0,not evaluable (no test support)
S,0,0.0,0.0,,,1.0,1.0,0.0,0.0,,,0.0,not evaluable (no test support)
V,1210,0.4445073612684032,0.31934536298783045,0.6487603305785123,0.6289256198347107,0.9316328664018398,0.8869607638162939,0.5275537634408602,0.4236014472585583,0.8715758693121702,0.8227790228132349,-0.10395231618230194,degrades
a,6,0.0,0.0,0.0,0.0,1.0,1.0,0.0,0.0,0.1611157547311343,0.30613600805846675,0.0,matches
e,0,0.0,0.0,,,1.0,1.0,0.0,0.0,,,0.0,not evaluable (no test support)
f,0,0.0,0.0,,,1.0,1.0,0.0,0.0,,,0.0,not evaluable (no test support)
j,0,0.0,0.0,,,1.0,1.0,0.0,0.0,,,0.0,not evaluable (no test support)
