round,participants,client_train_loss_weighted,client_train_accuracy_weighted,elapsed_seconds,validation_loss,validation_accuracy,validation_macro_f1,validation_weighted_f1,validation_macro_precision,validation_macro_recall
0,0,,,0.0,2.746507599043063,0.010396917619717448,0.021649156319643426,0.01727854504136424,0.064030131826742,0.013026819923371648
1,5,1.6015899513353462,0.7125725338491296,5.146839400000317,2.493879455301377,0.7046663812610849,0.09181435777485018,0.5996426910046,0.08737977916393706,0.09949165310367798
2,5,0.9418392372761596,0.8465377176015474,10.529487399999198,1.9622380926983634,0.6937190385909119,0.05476331716012986,0.568334488669064,0.11291335372069318,0.06674329501915709
3,5,0.6337024465624093,0.8502127659574469,15.903972100000829,1.6503831668480713,0.7203229160296006,0.10046407846964464,0.6131576603316737,0.11389869369266446,0.10064263230754576
4,5,0.5396911537789437,0.8575628626692456,21.361499399998138,1.5314425028148364,0.7202617576906611,0.10052862514281001,0.6132634900088242,0.11222275280106114,0.10113200791011065
5,5,0.5077408725618932,0.861792392005158,26.802221499998268,1.7529892705936372,0.6818543208366461,0.09896908121795904,0.5960162460683276,0.11296095872691832,0.0972284615348236
6,5,0.5070748870592591,0.860012894906512,32.14238159999877,nan,0.09430615864473121,0.011490527021740344,0.016254411963357238,0.006287077242982081,0.06666666666666667
7,5,0.5158530099425755,0.8615473887814314,37.62046469999768,nan,0.09430615864473121,0.011490527021740344,0.016254411963357238,0.006287077242982081,0.06666666666666667
8,5,0.5488066625456746,0.85464861379755,43.11657709999781,nan,0.09430615864473121,0.011490527021740344,0.016254411963357238,0.006287077242982081,0.06666666666666667
9,5,0.571097014748151,0.8543907156673115,48.50203340000007,nan,0.09430615864473121,0.011490527021740344,0.016254411963357238,0.006287077242982081,0.06666666666666667
10,5,0.6022620215539315,0.8529464861379754,54.04502449999927,nan,0.09430615864473121,0.011490527021740344,0.016254411963357238,0.006287077242982081,0.06666666666666667
11,5,0.6452182468600921,0.8498646034816247,59.39432329999909,nan,0.09430615864473121,0.011490527021740344,0.016254411963357238,0.006287077242982081,0.06666666666666667
12,5,0.6736119171156566,0.8482914248871696,64.73072409999804,nan,0.09430615864473121,0.011490527021740344,0.016254411963357238,0.006287077242982081,0.06666666666666667
13,5,0.7183585826630827,0.8444100580270792,70.13232489999791,nan,0.09430615864473121,0.011490527021740344,0.016254411963357238,0.006287077242982081,0.06666666666666667
14,5,0.7467315068685341,0.8425918762088975,75.56861600000047,nan,0.09430615864473121,0.011490527021740344,0.016254411963357238,0.006287077242982081,0.06666666666666667
15,5,0.8205616253660539,0.8429658284977434,80.90676719999828,nan,0.09430615864473121,0.011490527021740344,0.016254411963357238,0.006287077242982081,0.06666666666666667
16,5,0.8672348553622483,0.8419729206963249,86.39422949999789,nan,0.09430615864473121,0.011490527021740344,0.016254411963357238,0.006287077242982081,0.06666666666666667
17,5,0.9351914104508015,0.8438039974210187,91.84817649999968,nan,0.09430615864473121,0.011490527021740344,0.016254411963357238,0.006287077242982081,0.06666666666666667
18,5,0.9617221451417658,0.8429658284977435,97.25851089999924,nan,0.09430615864473121,0.011490527021740344,0.016254411963357238,0.006287077242982081,0.06666666666666667
19,5,1.030584927134115,0.8436363636363636,102.78753909999796,nan,0.09430615864473121,0.011490527021740344,0.016254411963357238,0.006287077242982081,0.06666666666666667
20,5,1.1049397519683355,0.8418955512572533,108.21043819999977,nan,0.09430615864473121,0.011490527021740344,0.016254411963357238,0.006287077242982081,0.06666666666666667
