round,client_id,num_samples,train_loss,train_accuracy
1,client_00,16406,1.4092168826802858,0.7672802633182982
1,client_01,18698,1.2790392859248072,0.8214247513103006
1,client_02,16563,1.4679296662832944,0.7903761395882388
1,client_03,13946,1.5192566963635779,0.7544815717768536
1,client_04,11937,1.7948745933621235,0.657284074725643
2,client_00,16406,0.5482244604057936,0.8855296842618554
2,client_01,18698,0.515699688336826,0.895229436303348
2,client_02,16563,0.7186757737003374,0.8394010746845378
2,client_03,13946,0.6945634853945869,0.8333572350494766
2,client_04,11937,0.97277149506387,0.7223758063164949
3,client_00,16406,0.3112585927460465,0.9333780324271608
3,client_01,18698,0.3083490682097409,0.9337897101294256
3,client_02,16563,0.502988205692413,0.8887278874600012
3,client_03,13946,0.5040886639847777,0.8648357952100961
3,client_04,11937,0.7557527607930529,0.783949065929463
4,client_00,16406,0.23834901509685485,0.9491649396562233
4,client_01,18698,0.24728380815541506,0.9473205690448177
4,client_02,16563,0.41986286645115395,0.9046670289198817
4,client_03,13946,0.4101453048844736,0.8927290979492327
4,client_04,11937,0.6141163648582937,0.8409148027142498
5,client_00,16406,0.20155847861074927,0.9547116908448129
5,client_01,18698,0.21706054063133537,0.9519734730987272
5,client_02,16563,0.3621976687295968,0.9161987562639619
5,client_03,13946,0.35495267390230373,0.9088627563459056
5,client_04,11937,0.514063375109233,0.87333500879618
6,client_00,16406,0.17797270841468738,0.9585517493599902
6,client_01,18698,0.19756127444052776,0.9574820836453096
6,client_02,16563,0.3306684578398191,0.9222966853830827
6,client_03,13946,0.32278793622820684,0.9148859888139969
6,client_04,11937,0.4465293472008139,0.8931892435285248
7,client_00,16406,0.16221567917550234,0.9614165549189321
7,client_01,18698,0.18346274294798318,0.9587121617285271
7,client_02,16563,0.28944420209399085,0.9299643784338586
7,client_03,13946,0.3056559288059812,0.9209092212820881
7,client_04,11937,0.3826806967163781,0.9065929463014157
8,client_00,16406,0.15038196549253696,0.9640985005485798
8,client_01,18698,0.17042878151524896,0.9606375013370414
8,client_02,16563,0.26621609542156516,0.9337076616554972
8,client_03,13946,0.2857569285013849,0.9232037860318371
8,client_04,11937,0.3423190599893659,0.9161430845271006
9,client_00,16406,0.1419238300675461,0.9686090454711691
9,client_01,18698,0.16504222647782946,0.962830249224516
9,client_02,16563,0.2530967767458279,0.9379943246996317
9,client_03,13946,0.27772963444078463,0.926143697117453
9,client_04,11937,0.3153588339652689,0.9198291027896457
10,client_00,16406,0.13441916902240864,0.9683042789223455
10,client_01,18698,0.16481945743464138,0.9637929190287732
10,client_02,16563,0.23050809792905716,0.9416168568496045
10,client_03,13946,0.27183979506598094,0.9287250824609207
10,client_04,11937,0.29509047269346805,0.922090977632571
11,client_00,16406,0.13182427010877124,0.9695842984274046
11,client_01,18698,0.15110045492311178,0.966199593539416
11,client_02,16563,0.22544483963899664,0.9453601400712431
11,client_03,13946,0.26203409776627956,0.9308045317653808
11,client_04,11937,0.2748714585649595,0.9241015330485046
12,client_00,16406,0.12889814325422685,0.9706814580031695
12,client_01,18698,0.1482246956355764,0.9676435982458017
12,client_02,16563,0.20287029521283065,0.9498279297228763
12,client_03,13946,0.25748561848386126,0.9303743008748028
12,client_04,11937,0.25429978311970636,0.9277875513110497
13,client_00,16406,0.12354133457515816,0.9724491039863464
13,client_01,18698,0.1418320984636504,0.9683388597710985
13,client_02,16563,0.20492667938958603,0.9485600434703858
13,client_03,13946,0.25392360468343633,0.9332425068119891
13,client_04,11937,0.23439848277200714,0.93373544441652
14,client_00,16406,0.12160493709409469,0.9733024503230525
14,client_01,18698,0.1424879210063998,0.9688736763290191
14,client_02,16563,0.19630913003493727,0.950492060617038
14,client_03,13946,0.2504215912473231,0.933457622257278
14,client_04,11937,0.21573025245515007,0.9402697495183044
15,client_00,16406,0.11804542612846644,0.9723881506765817
15,client_01,18698,0.13227741885123398,0.9712268691838699
15,client_02,16563,0.1893059681854278,0.9533297108011833
15,client_03,13946,0.24521271990862978,0.9365409436397534
15,client_04,11937,0.20112650860885864,0.9458825500544525
16,client_00,16406,0.12005340239103722,0.9733024503230525
16,client_01,18698,0.13893275165802682,0.9714942774628302
16,client_02,16563,0.19002352007714504,0.9532089597295176
16,client_03,13946,0.24007991668775572,0.9353219561164492
16,client_04,11937,0.1979388002687896,0.9490659294630142
17,client_00,16406,0.1155152794490947,0.9743386565890528
17,client_01,18698,0.13474108256994946,0.9724569472670874
17,client_02,16563,0.185942181143425,0.9538127150878464
17,client_03,13946,0.24546320516940393,0.9349634303743009
17,client_04,11937,0.18158482268041948,0.9535896791488648
18,client_00,16406,0.1118607181207837,0.9750700963062294
18,client_01,18698,0.13473326679773798,0.9718151673975827
18,client_02,16563,0.18059450425020934,0.9556843566986657
18,client_03,13946,0.2517068385928292,0.9325971604761222
18,client_04,11937,0.16590989519201194,0.9579458825500544
19,client_00,16406,0.11408260516621609,0.9751310496159942
19,client_01,18698,0.12973976851203778,0.9731522087923842
19,client_02,16563,0.1766848924877865,0.9553824790195014
19,client_03,13946,0.2422598859528447,0.9358238921554568
19,client_04,11937,0.15504625097979471,0.9625534053782357
20,client_00,16406,0.1106748200923942,0.9759843959527003
20,client_01,18698,0.13568407877943378,0.9730452454808001
20,client_02,16563,0.17490858099407774,0.956046609913663
20,client_03,13946,0.23718082679364288,0.9379033414599168
20,client_04,11937,0.1444990050362524,0.967747340202731
